id,age,gender,hjs_p1,hjs_p2,hjs_p3,hjs_s1,hjs_s2,hjs_s3,hjs_q1,hjs_q2,hjs_q3,hjs_a1,hjs_a2,hjs_a3,hjs_c1,hjs_c2,hjs_c3,hjs_t1,hjs_t2,hjs_t3,hjs_l1,hjs_l2,hjs_l3,hjs,mil_1,mil_2,mil_3,mil_4,flr_1,flr_2,flr_3,flr_4,flr_5,flr_6,flr_7,flr_8,swl_1,swl_2,swl_3,swl_4,swl_5,gen_1,gen_2,gen_3,mil,flr,swl,gen,refl,attn_1
1,47,2,4.0,5.0,6.0,2.0,4.0,4.0,3.0,4.0,5.0,5.0,4.0,4.0,6.0,6.0,5.0,4.0,5.0,4.0,6.0,6.0,4.0,4.571,3,4,3,4,4,4,4,5,5,5,4,5,4,4,4,5,4,4,4,5,3.5,4.5,4.2,4.33,6,1
2,51,2,5.0,6.0,5.0,6.0,6.0,7.0,4.0,6.0,4.0,5.0,5.0,6.0,7.0,4.0,6.0,6.0,6.0,6.0,6.0,5.0,5.0,5.524,6,6,5,6,5,5,5,5,3,5,6,4,4,7,6,6,6,7,5,6,5.75,4.75,5.8,6.0,5,1
3,48,1,6.0,5.0,6.0,5.0,5.0,5.0,5.0,6.0,5.0,7.0,6.0,6.0,5.0,7.0,5.0,5.0,6.0,6.0,4.0,4.0,4.0,5.381,5,4,3,3,3,4,4,5,5,5,4,4,5,4,4,4,4,4,5,5,3.75,4.25,4.2,4.67,3,1
4,50,2,6.0,6.0,4.0,5.0,3.0,4.0,4.0,5.0,6.0,5.0,5.0,7.0,5.0,6.0,3.0,6.0,5.0,6.0,4.0,4.0,4.0,4.905,3,4,4,4,5,4,5,3,4,5,4,5,4,4,3,3,4,6,6,5,3.75,4.38,3.6,5.67,3,1
5,36,1,6.0,6.0,7.0,5.0,5.0,6.0,5.0,5.0,5.0,7.0,7.0,7.0,6.0,7.0,5.0,5.0,5.0,5.0,5.0,5.0,5.0,5.667,4,5,5,5,5,3,5,5,6,5,5,5,7,5,7,5,6,5,4,5,4.75,4.88,6.0,4.67,5,1
6,47,2,6.0,6.0,7.0,5.0,6.0,5.0,5.0,5.0,6.0,6.0,4.0,7.0,5.0,4.0,4.0,5.0,7.0,7.0,4.0,6.0,5.0,5.476,5,6,5,5,4,6,5,4,5,4,4,2,7,6,4,7,6,5,5,5,5.25,4.25,6.0,5.0,3,1
7,40,2,6.0,5.0,5.0,4.0,5.0,6.0,3.0,3.0,3.0,6.0,3.0,6.0,5.0,5.0,6.0,4.0,4.0,4.0,4.0,5.0,3.0,4.524,6,6,6,5,7,6,5,6,7,6,7,7,5,7,7,5,6,5,4,6,5.75,6.38,6.0,5.0,4,1
8,58,2,4.0,5.0,4.0,6.0,5.0,4.0,5.0,4.0,4.0,5.0,6.0,4.0,5.0,2.0,3.0,3.0,4.0,4.0,4.0,4.0,5.0,4.286,5,4,5,4,6,6,5,6,4,6,5,5,5,4,5,6,6,6,6,5,4.5,5.38,5.2,5.67,3,1
9,55,2,5.0,6.0,5.0,5.0,6.0,6.0,6.0,6.0,6.0,4.0,5.0,3.0,7.0,6.0,7.0,6.0,6.0,6.0,6.0,6.0,5.0,5.619,6,6,5,7,7,6,7,7,5,5,6,5,4,5,6,5,6,7,6,7,6.0,6.0,5.2,6.67,3,1
10,51,1,6.0,5.0,6.0,5.0,4.0,4.0,5.0,7.0,6.0,5.0,6.0,6.0,6.0,6.0,6.0,6.0,7.0,5.0,6.0,5.0,6.0,5.619,5,5,4,6,7,7,6,6,7,6,7,7,3,5,5,5,5,3,4,4,5.0,6.62,4.6,3.67,3,0
11,48,2,4.0,5.0,5.0,4.0,2.0,4.0,4.0,5.0,5.0,5.0,4.0,4.0,3.0,5.0,4.0,4.0,4.0,4.0,1.0,2.0,2.0,3.81,4,3,4,5,4,5,5,6,4,5,5,4,6,6,5,4,4,4,4,3,4.0,4.75,5.0,3.67,4,1
12,39,2,6.0,7.0,5.0,6.0,6.0,5.0,4.0,4.0,4.0,6.0,6.0,6.0,4.0,4.0,5.0,5.0,4.0,5.0,4.0,5.0,5.0,5.048,3,3,2,3,6,5,5,5,4,3,5,5,4,4,3,4,4,6,5,4,2.75,4.75,3.8,5.0,3,1
13,30,1,7.0,5.0,6.0,5.0,5.0,3.0,5.0,6.0,4.0,7.0,4.0,5.0,6.0,7.0,5.0,7.0,6.0,5.0,4.0,4.0,4.0,5.238,5,5,5,4,4,6,6,6,6,6,6,7,4,5,6,3,3,4,6,5,4.75,5.88,4.2,5.0,4,1
14,32,2,4.0,5.0,5.0,5.0,6.0,3.0,2.0,4.0,3.0,4.0,5.0,5.0,4.0,6.0,4.0,4.0,4.0,4.0,4.0,5.0,5.0,4.333,2,2,3,2,3,3,4,4,4,3,3,3,3,3,4,3,3,5,6,6,2.25,3.38,3.2,5.67,6,1
15,56,2,5.0,5.0,6.0,5.0,5.0,4.0,5.0,5.0,4.0,6.0,5.0,6.0,5.0,5.0,6.0,3.0,4.0,3.0,4.0,4.0,4.0,4.714,4,3,4,4,5,7,5,5,4,6,4,5,1,2,1,3,1,6,6,5,3.75,5.12,1.6,5.67,6,1
16,43,1,5.0,7.0,6.0,6.0,6.0,6.0,6.0,6.0,7.0,6.0,6.0,6.0,7.0,6.0,6.0,7.0,7.0,6.0,5.0,5.0,5.0,6.048,7,7,7,7,7,6,7,6,7,7,7,7,5,6,6,6,6,7,6,6,7.0,6.75,5.8,6.33,5,1
17,55,1,7.0,7.0,7.0,7.0,7.0,7.0,7.0,7.0,7.0,7.0,6.0,7.0,7.0,7.0,7.0,6.0,7.0,6.0,7.0,7.0,7.0,6.857,7,7,7,7,7,7,7,7,7,6,7,6,7,7,6,7,7,6,7,7,7.0,6.75,6.8,6.67,7,1
18,53,2,3.0,5.0,5.0,4.0,4.0,5.0,6.0,7.0,6.0,6.0,5.0,5.0,5.0,5.0,3.0,5.0,3.0,4.0,4.0,4.0,4.0,4.667,6,5,4,4,6,6,5,6,6,5,6,5,3,1,2,3,4,6,5,5,4.75,5.62,2.6,5.33,3,1
19,42,2,5.0,4.0,5.0,5.0,6.0,3.0,4.0,5.0,4.0,5.0,6.0,7.0,7.0,6.0,6.0,4.0,3.0,3.0,4.0,5.0,6.0,4.905,6,5,6,6,5,6,6,6,6,6,7,6,4,5,5,5,4,7,6,7,5.75,6.0,4.6,6.67,4,1
20,49,1,7.0,6.0,6.0,5.0,4.0,5.0,5.0,5.0,5.0,4.0,6.0,5.0,6.0,7.0,5.0,5.0,6.0,7.0,4.0,4.0,4.0,5.286,4,3,5,5,7,6,5,6,7,7,5,6,4,5,5,3,5,4,4,5,4.25,6.12,4.4,4.33,5,0
21,63,1,5.0,3.0,4.0,4.0,6.0,5.0,5.0,6.0,6.0,5.0,5.0,5.0,7.0,6.0,6.0,5.0,6.0,5.0,5.0,5.0,4.0,5.143,7,5,7,6,7,7,6,7,7,6,6,6,4,6,4,5,5,5,6,5,6.25,6.5,4.8,5.33,6,1
22,36,2,7.0,5.0,5.0,5.0,7.0,7.0,5.0,6.0,6.0,6.0,5.0,5.0,6.0,5.0,5.0,7.0,6.0,7.0,5.0,6.0,5.0,5.762,4,4,4,5,5,4,6,4,4,4,3,5,3,5,4,5,4,5,6,5,4.25,4.38,4.2,5.33,4,1
23,62,2,6.0,7.0,7.0,5.0,5.0,5.0,6.0,6.0,6.0,6.0,7.0,6.0,4.0,5.0,5.0,6.0,6.0,6.0,5.0,5.0,5.0,5.667,6,6,6,6,6,7,6,6,5,7,6,7,5,5,5,3,5,7,7,6,6.0,6.25,4.6,6.67,6,1
24,34,2,4.0,3.0,3.0,3.0,4.0,3.0,4.0,4.0,4.0,4.0,5.0,4.0,2.0,4.0,4.0,5.0,4.0,4.0,2.0,3.0,4.0,3.667,3,4,2,4,5,5,4,5,6,5,5,5,4,3,5,4,3,4,4,3,3.25,5.0,3.8,3.67,3,1
25,37,1,6.0,6.0,6.0,6.0,4.0,6.0,6.0,5.0,5.0,3.0,5.0,5.0,5.0,6.0,5.0,5.0,5.0,4.0,3.0,4.0,3.0,4.905,5,5,6,5,6,6,6,6,5,6,5,4,4,5,5,5,6,5,4,4,5.25,5.5,5.0,4.33,5,1
26,53,1,4.0,5.0,6.0,5.0,6.0,6.0,6.0,5.0,6.0,5.0,5.0,6.0,6.0,6.0,6.0,4.0,6.0,7.0,6.0,5.0,5.0,5.524,5,5,5,6,5,4,5,5,5,4,5,4,5,4,6,5,5,4,4,4,5.25,4.62,5.0,4.0,5,1
27,39,2,6.0,6.0,6.0,6.0,4.0,5.0,6.0,5.0,6.0,5.0,5.0,6.0,5.0,5.0,7.0,4.0,6.0,4.0,4.0,6.0,4.0,5.286,4,5,5,5,6,4,5,5,5,5,5,6,4,4,4,4,4,5,5,7,4.75,5.12,4.0,5.67,6,1
28,56,2,6.0,6.0,6.0,6.0,5.0,5.0,5.0,5.0,5.0,7.0,7.0,6.0,5.0,7.0,7.0,4.0,5.0,5.0,5.0,5.0,6.0,5.619,3,2,3,3,5,5,5,5,5,4,4,4,4,5,4,4,4,5,5,5,2.75,4.62,4.2,5.0,5,1
29,61,1,5.0,5.0,5.0,4.0,3.0,5.0,5.0,5.0,4.0,5.0,5.0,6.0,6.0,7.0,4.0,4.0,3.0,4.0,2.0,3.0,3.0,4.429,5,4,4,5,5,4,5,5,6,5,4,5,4,4,4,6,4,6,7,7,4.5,4.88,4.4,6.67,5,0
30,57,1,6.0,6.0,7.0,7.0,5.0,6.0,7.0,6.0,6.0,4.0,6.0,5.0,7.0,6.0,6.0,6.0,5.0,7.0,5.0,5.0,4.0,5.81,3,5,6,5,6,4,5,5,6,5,5,7,6,6,4,6,5,4,4,6,4.75,5.38,5.4,4.67,5,1
31,73,1,6.0,6.0,6.0,6.0,5.0,5.0,6.0,7.0,7.0,5.0,5.0,7.0,6.0,6.0,7.0,7.0,7.0,7.0,7.0,7.0,6.0,6.238,5,6,5,4,7,7,6,6,5,5,5,7,5,5,4,5,5,5,5,6,5.0,6.0,4.8,5.33,4,1
32,52,2,5.0,5.0,6.0,5.0,4.0,5.0,5.0,5.0,4.0,4.0,6.0,5.0,4.0,5.0,3.0,3.0,4.0,3.0,4.0,4.0,4.0,4.429,5,6,5,6,6,5,6,6,5,5,4,5,5,3,3,2,2,6,5,4,5.5,5.25,3.0,5.0,2,1
33,36,2,5.0,5.0,4.0,3.0,4.0,4.0,5.0,5.0,5.0,4.0,5.0,4.0,3.0,5.0,4.0,4.0,3.0,4.0,5.0,4.0,5.0,4.286,5,4,4,4,4,4,5,5,6,5,3,3,5,4,4,3,6,5,4,4,4.25,4.38,4.4,4.33,5,1
34,51,2,5.0,6.0,5.0,5.0,6.0,6.0,4.0,5.0,5.0,7.0,6.0,6.0,6.0,5.0,6.0,3.0,3.0,3.0,5.0,4.0,5.0,5.048,4,4,5,5,5,5,6,5,6,6,6,5,5,5,5,5,4,4,3,5,4.5,5.5,4.8,4.0,4,1
35,41,3,5.0,5.0,6.0,4.0,5.0,5.0,4.0,3.0,4.0,4.0,4.0,5.0,6.0,4.0,5.0,5.0,5.0,5.0,5.0,6.0,6.0,4.81,4,6,5,5,6,4,5,5,5,4,5,4,3,2,4,3,3,5,5,3,5.0,4.75,3.0,4.33,4,1
36,49,1,5.0,6.0,6.0,6.0,6.0,5.0,4.0,4.0,5.0,4.0,5.0,3.0,6.0,6.0,6.0,5.0,4.0,5.0,5.0,6.0,4.0,5.048,5,6,6,7,6,6,6,6,6,6,5,6,7,7,7,6,6,4,6,5,6.0,5.88,6.6,5.0,2,1
37,63,1,5.0,5.0,5.0,4.0,4.0,6.0,6.0,5.0,5.0,5.0,7.0,5.0,4.0,4.0,5.0,6.0,5.0,5.0,5.0,6.0,4.0,5.048,3,4,4,4,5,4,4,4,4,4,4,4,6,6,4,4,4,2,4,3,3.75,4.12,4.8,3.0,7,1
38,34,2,5.0,6.0,6.0,5.0,6.0,5.0,6.0,6.0,5.0,7.0,7.0,6.0,5.0,7.0,7.0,5.0,4.0,5.0,5.0,6.0,6.0,5.714,7,6,6,7,7,7,7,7,7,7,7,7,7,5,6,5,4,6,5,5,6.5,7.0,5.4,5.33,4,1
39,50,2,4.0,4.0,4.0,6.0,5.0,5.0,4.0,5.0,5.0,5.0,6.0,5.0,5.0,5.0,7.0,6.0,5.0,6.0,5.0,5.0,4.0,5.048,5,6,7,7,7,6,6,6,5,7,7,6,6,6,6,4,6,6,5,7,6.25,6.25,5.6,6.0,4,0
40,51,1,4.0,5.0,3.0,5.0,5.0,6.0,4.0,3.0,4.0,6.0,7.0,6.0,5.0,4.0,5.0,5.0,7.0,6.0,5.0,5.0,5.0,5.0,4,5,3,3,4,4,5,6,4,5,6,6,4,5,5,7,5,5,6,7,3.75,5.0,5.2,6.0,4,1
41,44,1,6.0,6.0,6.0,6.0,4.0,7.0,3.0,4.0,4.0,6.0,6.0,5.0,6.0,6.0,6.0,5.0,5.0,4.0,4.0,5.0,5.0,5.19,4,4,3,4,5,4,7,4,5,5,5,5,4,4,5,5,7,5,5,5,3.75,5.0,5.0,5.0,5,1
42,48,2,5.0,3.0,5.0,3.0,2.0,2.0,2.0,2.0,2.0,3.0,4.0,5.0,5.0,4.0,3.0,2.0,2.0,2.0,4.0,3.0,4.0,3.19,2,1,1,3,2,3,2,2,3,2,2,3,3,3,2,2,4,3,2,4,1.75,2.38,2.8,3.0,4,1
43,62,2,5.0,5.0,6.0,5.0,6.0,5.0,5.0,6.0,5.0,5.0,7.0,6.0,5.0,5.0,6.0,5.0,4.0,4.0,7.0,6.0,6.0,5.429,5,6,4,6,6,5,5,5,5,4,7,5,6,5,2,6,4,5,4,4,5.25,5.25,4.6,4.33,6,1
44,68,2,5.0,3.0,5.0,4.0,3.0,4.0,5.0,5.0,4.0,4.0,4.0,5.0,6.0,4.0,4.0,5.0,3.0,5.0,4.0,4.0,4.0,4.286,3,4,3,3,5,4,3,4,4,5,5,4,4,4,5,4,4,3,3,3,3.25,4.25,4.2,3.0,4,1
45,31,2,5.0,5.0,4.0,5.0,4.0,5.0,4.0,4.0,4.0,4.0,5.0,5.0,5.0,7.0,5.0,4.0,6.0,5.0,4.0,3.0,4.0,4.619,5,4,4,6,5,6,7,6,7,5,6,6,5,5,5,4,6,5,5,3,4.75,6.0,5.0,4.33,5,1
46,39,2,6.0,5.0,4.0,5.0,6.0,3.0,7.0,6.0,5.0,4.0,4.0,5.0,4.0,5.0,5.0,3.0,4.0,3.0,6.0,5.0,4.0,4.714,5,4,3,3,4,5,4,5,4,4,4,5,5,6,5,5,6,4,5,5,3.75,4.38,5.4,4.67,3,1
47,38,1,4.0,3.0,4.0,4.0,3.0,4.0,2.0,3.0,3.0,5.0,4.0,6.0,5.0,3.0,5.0,4.0,3.0,5.0,4.0,5.0,3.0,3.905,2,2,3,3,5,6,5,6,6,5,5,6,3,4,3,4,4,6,6,7,2.5,5.5,3.6,6.33,2,1
48,53,1,6.0,3.0,4.0,5.0,6.0,3.0,4.0,5.0,5.0,5.0,5.0,6.0,5.0,7.0,6.0,5.0,3.0,4.0,3.0,4.0,4.0,4.667,5,5,4,5,5,5,6,5,6,5,6,4,4,4,5,4,4,7,6,6,4.75,5.25,4.2,6.33,3,1
49,35,1,5.0,5.0,5.0,4.0,5.0,5.0,3.0,3.0,3.0,4.0,5.0,6.0,5.0,4.0,3.0,4.0,5.0,4.0,4.0,4.0,4.0,4.286,3,4,3,2,5,5,5,5,5,4,5,3,3,2,4,3,1,4,5,5,3.0,4.62,2.6,4.67,4,1
50,38,2,6.0,7.0,6.0,4.0,5.0,4.0,6.0,5.0,6.0,7.0,7.0,7.0,5.0,4.0,4.0,5.0,5.0,5.0,5.0,6.0,5.0,5.429,6,6,6,6,7,7,7,7,7,7,7,6,7,7,7,7,7,5,6,7,6.0,6.88,7.0,6.0,3,1
51,37,2,4.0,4.0,3.0,5.0,5.0,3.0,3.0,3.0,3.0,1.0,2.0,4.0,5.0,6.0,4.0,4.0,3.0,3.0,4.0,4.0,3.0,3.619,4,4,3,4,7,5,7,6,6,7,5,7,4,4,3,5,4,3,3,3,3.75,6.25,4.0,3.0,4,1
52,43,3,4.0,4.0,5.0,4.0,3.0,5.0,6.0,5.0,5.0,5.0,7.0,6.0,7.0,4.0,6.0,5.0,6.0,4.0,4.0,5.0,4.0,4.952,4,4,5,5,5,5,5,5,6,6,5,5,5,4,5,6,7,5,6,6,4.5,5.25,5.4,5.67,4,1
53,42,1,5.0,5.0,6.0,4.0,4.0,3.0,5.0,3.0,5.0,7.0,7.0,5.0,5.0,6.0,5.0,5.0,5.0,5.0,5.0,6.0,6.0,5.095,6,6,7,7,6,5,5,6,5,6,5,5,6,5,4,5,4,5,6,4,6.5,5.38,4.8,5.0,4,1
54,32,1,3.0,5.0,4.0,5.0,4.0,4.0,5.0,5.0,6.0,7.0,6.0,6.0,5.0,5.0,5.0,5.0,7.0,6.0,3.0,4.0,4.0,4.952,5,5,5,5,6,5,7,5,5,5,6,5,3,4,4,4,4,6,6,6,5.0,5.5,3.8,6.0,4,1
55,56,1,5.0,5.0,4.0,3.0,1.0,5.0,4.0,4.0,4.0,7.0,6.0,7.0,4.0,5.0,4.0,5.0,5.0,6.0,4.0,4.0,2.0,4.476,5,3,5,4,6,6,6,7,5,7,6,6,6,5,6,5,5,4,4,4,4.25,6.12,5.4,4.0,5,1
56,41,1,5.0,6.0,6.0,6.0,5.0,6.0,4.0,5.0,5.0,5.0,6.0,7.0,5.0,6.0,7.0,4.0,4.0,5.0,5.0,6.0,5.0,5.381,4,4,4,4,6,6,5,7,5,6,4,4,3,5,4,3,5,5,5,4,4.0,5.38,4.0,4.67,4,1
57,51,2,5.0,6.0,7.0,5.0,5.0,6.0,7.0,6.0,6.0,6.0,7.0,7.0,5.0,5.0,5.0,5.0,4.0,5.0,5.0,5.0,5.0,5.571,7,7,7,7,7,6,7,7,7,6,7,7,7,7,7,7,6,4,4,6,7.0,6.75,6.8,4.67,7,1
58,28,1,5.0,5.0,6.0,6.0,6.0,7.0,7.0,7.0,7.0,5.0,5.0,4.0,5.0,6.0,6.0,5.0,5.0,6.0,5.0,4.0,6.0,5.619,6,6,5,6,7,6,5,6,5,6,5,6,5,5,4,4,6,4,4,4,5.75,5.75,4.8,4.0,5,1
59,53,1,4.0,5.0,5.0,4.0,3.0,6.0,4.0,4.0,5.0,3.0,4.0,5.0,2.0,1.0,3.0,4.0,4.0,4.0,4.0,4.0,3.0,3.857,5,3,4,4,5,5,5,6,6,5,5,5,5,5,6,5,4,5,7,4,4.0,5.25,5.0,5.33,3,1
60,18,2,6.0,7.0,5.0,3.0,4.0,3.0,5.0,4.0,3.0,4.0,5.0,4.0,4.0,6.0,4.0,5.0,4.0,4.0,5.0,5.0,6.0,4.571,5,6,5,6,7,7,6,6,6,6,6,6,4,4,3,4,4,5,6,6,5.5,6.25,3.8,5.67,6,1
61,58,2,5.0,4.0,3.0,5.0,7.0,7.0,4.0,4.0,4.0,6.0,5.0,4.0,5.0,5.0,5.0,6.0,5.0,5.0,5.0,6.0,4.0,4.952,5,7,5,5,7,6,7,6,5,6,6,6,5,5,6,6,5,6,6,5,5.5,6.12,5.4,5.67,5,1
62,46,1,6.0,5.0,5.0,6.0,5.0,6.0,6.0,7.0,4.0,6.0,5.0,6.0,7.0,7.0,7.0,6.0,7.0,7.0,4.0,4.0,4.0,5.714,7,7,7,6,6,6,6,5,5,5,6,7,6,6,3,6,4,7,7,7,6.75,5.75,5.0,7.0,5,1
63,49,2,3.0,2.0,4.0,6.0,5.0,5.0,5.0,6.0,6.0,7.0,4.0,4.0,5.0,5.0,5.0,7.0,5.0,6.0,5.0,5.0,5.0,5.0,5,5,5,4,4,4,4,6,5,5,5,4,2,4,3,3,2,6,6,6,4.75,4.62,2.8,6.0,6,1
64,67,2,5.0,5.0,7.0,7.0,6.0,7.0,6.0,6.0,5.0,6.0,4.0,5.0,5.0,5.0,5.0,4.0,6.0,5.0,6.0,5.0,5.0,5.476,4,4,5,5,6,6,6,7,7,6,6,5,4,4,4,3,4,5,4,5,4.5,6.12,3.8,4.67,2,1
65,51,1,4.0,2.0,5.0,2.0,3.0,4.0,3.0,2.0,3.0,3.0,5.0,3.0,2.0,2.0,1.0,2.0,3.0,4.0,2.0,3.0,2.0,2.857,3,4,2,5,3,4,4,3,5,5,4,4,4,3,3,4,2,6,5,6,3.5,4.0,3.2,5.67,3,1
66,52,2,4.0,5.0,3.0,4.0,4.0,5.0,3.0,4.0,5.0,5.0,7.0,4.0,4.0,4.0,3.0,2.0,2.0,1.0,3.0,5.0,4.0,3.857,4,3,2,3,4,4,4,4,4,3,4,4,4,5,3,3,4,4,3,3,3.0,3.88,3.8,3.33,3,1
67,40,2,5.0,5.0,5.0,5.0,4.0,5.0,4.0,5.0,3.0,5.0,5.0,7.0,6.0,6.0,5.0,5.0,6.0,6.0,2.0,4.0,4.0,4.857,5,4,4,4,4,5,4,3,4,3,4,5,5,6,7,7,6,2,2,4,4.25,4.0,6.2,2.67,5,1
68,59,1,5.0,5.0,6.0,5.0,7.0,4.0,6.0,6.0,6.0,6.0,6.0,5.0,5.0,7.0,6.0,7.0,7.0,7.0,6.0,5.0,4.0,5.762,6,5,7,5,7,7,7,7,6,7,6,7,7,4,6,4,6,6,6,4,5.75,6.75,5.4,5.33,5,1
69,47,1,5.0,5.0,5.0,5.0,3.0,5.0,5.0,5.0,6.0,5.0,6.0,3.0,4.0,5.0,5.0,3.0,4.0,4.0,6.0,6.0,7.0,4.857,5,3,4,5,6,5,6,5,4,5,5,4,3,4,3,3,3,5,5,5,4.25,5.0,3.2,5.0,2,1
70,44,2,4.0,3.0,4.0,4.0,4.0,5.0,4.0,4.0,4.0,4.0,5.0,5.0,4.0,3.0,5.0,5.0,4.0,5.0,5.0,5.0,4.0,4.286,4,3,3,3,5,4,5,5,5,6,5,5,4,3,4,3,3,5,4,3,3.25,5.0,3.4,4.0,6,1
71,47,1,3.0,3.0,5.0,4.0,4.0,5.0,5.0,5.0,5.0,6.0,3.0,5.0,6.0,6.0,5.0,5.0,6.0,5.0,5.0,6.0,5.0,4.857,6,4,5,6,5,7,6,5,5,5,5,4,4,3,3,4,5,5,6,5,5.25,5.25,3.8,5.33,5,1
72,57,2,4.0,5.0,5.0,4.0,5.0,5.0,4.0,4.0,4.0,5.0,4.0,5.0,4.0,4.0,5.0,3.0,3.0,4.0,5.0,3.0,5.0,4.286,3,4,4,4,3,4,4,3,3,4,2,2,5,4,5,5,3,6,5,4,3.75,3.12,4.4,5.0,2,1
73,52,2,5.0,5.0,7.0,5.0,4.0,6.0,5.0,6.0,5.0,4.0,5.0,4.0,5.0,2.0,5.0,6.0,7.0,6.0,3.0,4.0,4.0,4.905,4,6,5,4,5,6,6,7,6,6,7,7,4,4,5,5,4,3,5,5,4.75,6.25,4.4,4.33,5,1
74,44,1,5.0,5.0,6.0,6.0,7.0,7.0,6.0,4.0,5.0,6.0,7.0,7.0,4.0,6.0,5.0,7.0,7.0,5.0,4.0,5.0,4.0,5.619,4,3,3,4,4,4,3,4,4,3,4,3,5,6,5,5,4,5,6,6,3.5,3.62,5.0,5.67,5,1
75,33,1,6.0,6.0,6.0,5.0,6.0,4.0,2.0,4.0,3.0,7.0,4.0,5.0,4.0,5.0,6.0,7.0,6.0,5.0,5.0,5.0,5.0,5.048,4,4,5,5,4,3,4,6,5,5,5,4,3,4,4,4,3,2,4,3,4.5,4.5,3.6,3.0,4,1
76,44,1,5.0,5.0,5.0,4.0,3.0,5.0,5.0,6.0,5.0,5.0,7.0,6.0,6.0,4.0,4.0,6.0,4.0,6.0,5.0,6.0,5.0,5.095,7,7,6,7,5,6,6,4,5,5,5,6,6,6,5,6,6,7,7,6,6.75,5.25,5.8,6.67,7,1
77,31,1,5.0,6.0,5.0,5.0,5.0,5.0,5.0,5.0,5.0,5.0,5.0,6.0,6.0,5.0,5.0,4.0,4.0,6.0,6.0,5.0,5.0,5.143,7,7,6,7,5,7,6,6,7,7,7,7,5,5,4,5,4,6,5,5,6.75,6.5,4.6,5.33,4,1
78,42,1,7.0,7.0,5.0,7.0,7.0,6.0,7.0,7.0,7.0,7.0,7.0,7.0,7.0,6.0,6.0,6.0,7.0,5.0,5.0,4.0,6.0,6.333,7,7,7,7,6,6,6,5,7,6,6,6,5,7,6,6,6,6,5,5,7.0,6.0,6.0,5.33,7,1
79,53,2,6.0,5.0,5.0,5.0,5.0,5.0,4.0,5.0,4.0,2.0,4.0,4.0,3.0,3.0,3.0,5.0,4.0,4.0,5.0,4.0,3.0,4.19,4,4,4,4,4,3,5,5,4,5,5,4,6,5,6,4,5,6,5,5,4.0,4.38,5.2,5.33,5,1
80,55,1,7.0,7.0,6.0,5.0,6.0,7.0,6.0,7.0,6.0,5.0,6.0,6.0,6.0,5.0,5.0,6.0,6.0,5.0,5.0,6.0,6.0,5.905,6,6,6,5,7,6,7,5,6,7,6,6,3,3,2,2,3,3,5,5,5.75,6.25,2.6,4.33,4,0
81,29,1,5.0,4.0,5.0,6.0,6.0,6.0,5.0,5.0,6.0,6.0,5.0,7.0,7.0,7.0,6.0,6.0,4.0,7.0,6.0,5.0,5.0,5.667,6,5,5,6,5,4,5,4,3,4,4,5,5,5,3,2,5,4,5,4,5.5,4.25,4.0,4.33,5,0
82,40,2,5.0,5.0,5.0,6.0,7.0,6.0,4.0,5.0,4.0,4.0,6.0,5.0,5.0,7.0,5.0,6.0,4.0,5.0,4.0,5.0,5.0,5.143,5,5,5,4,5,5,5,4,6,5,5,5,4,5,5,6,6,5,6,5,4.75,5.0,5.2,5.33,5,1
83,53,1,6.0,7.0,6.0,6.0,6.0,6.0,6.0,6.0,7.0,5.0,5.0,6.0,7.0,7.0,6.0,6.0,5.0,6.0,5.0,5.0,5.0,5.905,5,5,3,5,6,4,6,5,6,5,4,7,4,4,6,4,5,5,5,6,4.5,5.38,4.6,5.33,5,1
84,32,1,7.0,6.0,5.0,5.0,4.0,6.0,5.0,6.0,6.0,6.0,5.0,7.0,6.0,6.0,6.0,7.0,6.0,7.0,6.0,5.0,6.0,5.857,4,4,5,4,6,5,5,4,4,5,5,5,3,4,4,3,3,4,4,3,4.25,4.88,3.4,3.67,6,1
85,40,2,3.0,5.0,4.0,7.0,7.0,5.0,5.0,6.0,5.0,6.0,7.0,5.0,7.0,5.0,5.0,5.0,5.0,4.0,4.0,4.0,4.0,5.143,5,5,6,5,5,5,5,6,4,5,4,4,6,5,4,6,7,6,6,5,5.25,4.75,5.6,5.67,5,1
86,70,1,5.0,6.0,5.0,6.0,6.0,7.0,6.0,4.0,6.0,7.0,6.0,6.0,7.0,7.0,7.0,5.0,4.0,6.0,5.0,6.0,4.0,5.762,6,6,7,6,4,3,3,4,4,3,4,3,4,4,5,5,5,5,5,3,6.25,3.5,4.6,4.33,5,1
87,49,1,7.0,6.0,7.0,5.0,5.0,6.0,5.0,5.0,6.0,6.0,6.0,6.0,6.0,5.0,5.0,6.0,6.0,6.0,4.0,4.0,4.0,5.524,6,5,7,6,7,6,7,6,7,6,6,6,4,5,5,5,4,7,7,7,6.0,6.38,4.6,7.0,7,1
88,35,2,5.0,4.0,5.0,5.0,4.0,4.0,5.0,6.0,6.0,5.0,4.0,6.0,6.0,5.0,6.0,6.0,6.0,5.0,5.0,5.0,4.0,5.095,6,7,7,6,6,5,7,6,5,6,4,7,6,7,7,5,5,5,5,5,6.5,5.75,6.0,5.0,4,1
89,22,1,4.0,5.0,4.0,6.0,6.0,6.0,4.0,4.0,5.0,7.0,5.0,7.0,7.0,7.0,5.0,6.0,5.0,4.0,5.0,6.0,6.0,5.429,7,6,5,5,4,6,4,5,5,5,4,5,4,5,5,6,5,7,7,7,5.75,4.75,5.0,7.0,4,1
90,70,2,5.0,6.0,5.0,6.0,4.0,7.0,5.0,5.0,5.0,4.0,4.0,4.0,5.0,6.0,5.0,3.0,4.0,3.0,3.0,3.0,3.0,4.524,6,5,7,5,5,5,3,5,5,5,6,6,3,4,4,5,4,2,2,3,5.75,5.0,4.0,2.33,2,1
91,24,1,5.0,5.0,6.0,4.0,6.0,4.0,7.0,6.0,6.0,4.0,4.0,4.0,5.0,6.0,7.0,5.0,5.0,5.0,5.0,4.0,4.0,5.095,6,5,4,6,5,6,5,7,6,6,6,6,5,5,4,4,4,5,5,4,5.25,5.88,4.4,4.67,4,1
92,33,1,5.0,5.0,4.0,4.0,4.0,4.0,5.0,6.0,6.0,4.0,3.0,5.0,3.0,4.0,4.0,3.0,3.0,2.0,4.0,3.0,2.0,3.952,3,3,3,3,4,4,4,5,4,4,4,5,4,3,3,4,4,6,5,4,3.0,4.25,3.6,5.0,5,1
93,30,1,5.0,6.0,5.0,7.0,6.0,5.0,7.0,7.0,7.0,7.0,6.0,6.0,4.0,4.0,6.0,6.0,6.0,6.0,6.0,5.0,6.0,5.857,6,6,7,7,4,4,5,5,4,4,4,4,6,5,5,6,5,5,6,6,6.5,4.25,5.4,5.67,4,1
94,34,1,6.0,5.0,6.0,3.0,4.0,4.0,4.0,3.0,4.0,5.0,3.0,5.0,4.0,5.0,3.0,4.0,4.0,3.0,5.0,6.0,5.0,4.333,5,5,5,5,7,4,5,5,5,6,6,7,4,5,3,3,4,5,4,5,5.0,5.62,3.8,4.67,3,1
95,34,2,6.0,6.0,6.0,5.0,4.0,7.0,7.0,5.0,7.0,4.0,6.0,5.0,4.0,5.0,6.0,7.0,7.0,7.0,6.0,4.0,5.0,5.667,7,7,7,7,5,6,6,6,6,6,6,5,7,5,7,6,5,7,7,6,7.0,5.75,6.0,6.67,7,1
96,26,2,7.0,7.0,6.0,6.0,7.0,6.0,7.0,7.0,6.0,7.0,5.0,5.0,6.0,7.0,7.0,6.0,6.0,6.0,7.0,7.0,7.0,6.429,7,5,7,7,7,7,6,6,6,6,5,7,6,6,7,6,6,6,6,6,6.5,6.25,6.2,6.0,5,1
97,30,2,5.0,7.0,6.0,5.0,6.0,6.0,5.0,6.0,6.0,5.0,6.0,4.0,6.0,4.0,4.0,6.0,4.0,4.0,4.0,3.0,4.0,5.048,4,5,4,4,5,5,5,4,5,6,5,5,3,4,2,3,2,5,6,5,4.25,5.0,2.8,5.33,5,1
98,52,1,6.0,6.0,6.0,5.0,5.0,6.0,5.0,6.0,5.0,6.0,6.0,7.0,7.0,7.0,7.0,7.0,7.0,7.0,7.0,5.0,6.0,6.143,7,7,7,7,7,6,6,7,7,6,7,7,7,6,6,6,7,6,7,7,7.0,6.62,6.4,6.67,4,1
99,62,1,4.0,6.0,4.0,4.0,2.0,4.0,5.0,3.0,4.0,5.0,5.0,5.0,5.0,5.0,4.0,4.0,6.0,4.0,4.0,3.0,5.0,4.333,6,4,5,6,7,6,7,5,6,7,6,6,3,4,4,4,5,4,4,3,5.25,6.25,4.0,3.67,3,1
100,48,1,5.0,4.0,6.0,3.0,3.0,4.0,4.0,5.0,5.0,6.0,4.0,5.0,4.0,4.0,4.0,4.0,5.0,4.0,4.0,5.0,4.0,4.381,3,4,3,3,7,7,6,5,6,5,6,6,4,4,3,4,4,4,4,5,3.25,6.0,3.8,4.33,3,1
101,49,1,5.0,6.0,5.0,4.0,6.0,5.0,6.0,5.0,4.0,6.0,7.0,6.0,6.0,7.0,6.0,6.0,6.0,6.0,4.0,6.0,6.0,5.619,6,6,6,7,6,7,7,6,7,5,5,4,5,4,5,4,6,3,4,4,6.25,5.88,4.8,3.67,5,1
102,33,1,7.0,6.0,6.0,6.0,6.0,5.0,7.0,7.0,6.0,6.0,5.0,4.0,6.0,4.0,5.0,6.0,7.0,7.0,3.0,5.0,5.0,5.667,5,4,6,5,5,4,5,5,6,4,4,4,6,3,6,4,6,5,5,6,5.0,4.62,5.0,5.33,6,1
103,55,2,6.0,6.0,6.0,6.0,6.0,5.0,6.0,6.0,5.0,7.0,7.0,7.0,7.0,5.0,6.0,5.0,6.0,5.0,7.0,7.0,5.0,6.0,6,6,7,5,5,6,7,7,7,7,6,7,4,4,5,4,4,5,5,5,6.0,6.5,4.2,5.0,5,1
104,47,1,5.0,3.0,3.0,6.0,5.0,6.0,7.0,6.0,6.0,6.0,6.0,4.0,5.0,5.0,5.0,7.0,7.0,5.0,5.0,5.0,7.0,5.429,6,7,5,6,4,5,5,6,7,6,6,6,4,5,4,5,4,6,6,6,6.0,5.62,4.4,6.0,6,1
105,37,1,6.0,4.0,4.0,7.0,6.0,5.0,6.0,5.0,6.0,5.0,6.0,4.0,7.0,6.0,6.0,6.0,5.0,5.0,3.0,5.0,5.0,5.333,4,5,4,4,5,4,5,4,5,4,4,5,4,4,5,4,5,5,6,5,4.25,4.5,4.4,5.33,4,1
106,40,1,7.0,5.0,7.0,5.0,7.0,6.0,7.0,7.0,7.0,5.0,5.0,6.0,7.0,7.0,6.0,5.0,7.0,5.0,6.0,5.0,5.0,6.048,5,6,6,7,7,7,7,6,7,7,7,7,6,7,6,5,5,6,5,6,6.0,6.88,5.8,5.67,7,1
107,25,2,5.0,5.0,5.0,5.0,4.0,4.0,4.0,5.0,4.0,5.0,5.0,4.0,5.0,5.0,6.0,5.0,5.0,5.0,5.0,4.0,3.0,4.667,3,3,4,4,5,5,6,4,5,3,5,4,2,3,4,3,2,6,5,6,3.5,4.62,2.8,5.67,5,1
108,56,2,5.0,5.0,4.0,3.0,4.0,2.0,3.0,4.0,4.0,5.0,6.0,5.0,1.0,4.0,4.0,3.0,3.0,4.0,4.0,4.0,4.0,3.857,3,4,4,4,6,6,4,6,6,5,6,3,2,2,2,2,3,6,5,6,3.75,5.25,2.2,5.67,4,1
109,48,2,3.0,4.0,4.0,5.0,4.0,4.0,2.0,3.0,4.0,2.0,5.0,3.0,7.0,4.0,4.0,6.0,4.0,4.0,4.0,3.0,5.0,4.0,4,4,4,5,5,5,5,4,5,5,5,4,4,5,5,5,6,3,3,4,4.25,4.75,5.0,3.33,3,1
110,43,1,5.0,6.0,5.0,6.0,4.0,6.0,4.0,4.0,4.0,6.0,6.0,6.0,6.0,5.0,4.0,5.0,6.0,5.0,5.0,4.0,4.0,5.048,6,6,5,5,6,7,7,6,7,7,7,7,7,6,5,6,6,4,4,3,5.5,6.75,6.0,3.67,6,1
111,66,1,5.0,6.0,6.0,3.0,5.0,4.0,4.0,5.0,4.0,5.0,3.0,4.0,5.0,5.0,4.0,5.0,3.0,5.0,4.0,4.0,4.0,4.429,5,5,5,5,5,6,6,6,5,6,6,5,4,5,2,3,3,5,3,4,5.0,5.62,3.4,4.0,6,1
112,50,1,6.0,7.0,7.0,7.0,6.0,5.0,5.0,6.0,6.0,5.0,7.0,7.0,6.0,5.0,5.0,6.0,7.0,6.0,5.0,6.0,7.0,6.048,6,6,4,5,6,7,6,7,6,7,7,6,5,5,5,5,5,6,5,6,5.25,6.5,5.0,5.67,5,1
113,40,2,5.0,5.0,4.0,5.0,4.0,7.0,3.0,5.0,4.0,5.0,4.0,4.0,5.0,7.0,6.0,5.0,5.0,5.0,6.0,5.0,5.0,4.952,5,5,5,5,6,5,5,5,5,5,5,5,4,4,4,6,5,6,5,4,5.0,5.12,4.6,5.0,3,1
114,48,1,5.0,5.0,5.0,3.0,4.0,5.0,4.0,4.0,4.0,4.0,4.0,4.0,6.0,5.0,7.0,5.0,4.0,5.0,2.0,3.0,3.0,4.333,3,3,3,3,6,5,4,5,4,4,3,5,3,3,4,2,3,3,3,3,3.0,4.5,3.0,3.0,5,1
115,30,1,4.0,4.0,4.0,6.0,6.0,5.0,7.0,6.0,7.0,5.0,6.0,5.0,4.0,4.0,5.0,4.0,5.0,3.0,4.0,3.0,4.0,4.81,3,4,4,3,5,6,4,4,4,5,5,4,3,4,3,2,4,4,5,5,3.5,4.62,3.2,4.67,6,1
116,37,1,5.0,5.0,7.0,6.0,5.0,5.0,6.0,5.0,5.0,7.0,5.0,6.0,7.0,6.0,6.0,5.0,5.0,6.0,3.0,3.0,4.0,5.333,6,6,6,6,6,4,5,5,5,4,5,6,7,6,6,7,6,5,6,5,6.0,5.0,6.4,5.33,6,1
117,29,1,6.0,6.0,5.0,5.0,6.0,6.0,6.0,7.0,7.0,5.0,4.0,5.0,6.0,6.0,5.0,6.0,6.0,7.0,5.0,4.0,4.0,5.571,6,6,7,6,7,7,6,7,6,7,7,7,5,6,5,6,5,5,4,2,6.25,6.75,5.4,3.67,6,1
118,43,2,7.0,7.0,6.0,6.0,4.0,5.0,7.0,7.0,6.0,5.0,6.0,6.0,7.0,7.0,5.0,7.0,7.0,7.0,7.0,6.0,7.0,6.286,7,7,7,7,7,7,6,5,7,6,6,6,6,4,5,6,6,5,5,5,7.0,6.25,5.4,5.0,6,1
119,49,2,7.0,6.0,6.0,6.0,7.0,6.0,5.0,6.0,5.0,7.0,6.0,6.0,7.0,6.0,6.0,7.0,7.0,6.0,5.0,6.0,6.0,6.143,4,5,5,5,6,5,4,5,6,4,5,6,4,4,5,4,6,6,5,5,4.75,5.12,4.6,5.33,3,1
120,42,1,6.0,5.0,4.0,5.0,5.0,5.0,4.0,5.0,6.0,5.0,6.0,3.0,4.0,2.0,2.0,5.0,2.0,3.0,4.0,2.0,2.0,4.048,3,3,3,4,6,5,5,6,6,6,5,5,3,4,3,3,3,2,3,2,3.25,5.5,3.2,2.33,5,1
121,54,2,6.0,6.0,7.0,7.0,7.0,7.0,6.0,7.0,6.0,7.0,6.0,7.0,7.0,6.0,6.0,6.0,7.0,7.0,6.0,7.0,7.0,6.571,5,6,5,6,5,6,5,6,6,7,6,6,6,4,6,4,5,7,5,5,5.5,5.88,5.0,5.67,4,1
122,50,2,5.0,5.0,5.0,6.0,5.0,5.0,6.0,7.0,7.0,6.0,7.0,6.0,6.0,7.0,4.0,5.0,5.0,6.0,6.0,6.0,6.0,5.762,7,7,7,7,5,4,6,5,5,5,5,5,7,7,7,6,7,5,5,5,7.0,5.0,6.8,5.0,7,1
123,36,1,7.0,7.0,6.0,5.0,7.0,5.0,6.0,5.0,6.0,4.0,7.0,6.0,5.0,5.0,6.0,5.0,7.0,6.0,6.0,6.0,4.0,5.762,7,7,7,7,6,7,6,7,7,7,7,6,5,5,5,6,6,5,5,6,7.0,6.62,5.4,5.33,7,1
124,49,1,3.0,5.0,4.0,3.0,4.0,3.0,3.0,5.0,5.0,5.0,5.0,4.0,5.0,3.0,6.0,5.0,6.0,5.0,4.0,3.0,4.0,4.286,2,1,2,2,4,5,4,5,6,4,5,3,2,3,2,3,2,4,5,4,1.75,4.5,2.4,4.33,4,1
125,43,2,7.0,4.0,5.0,5.0,3.0,5.0,5.0,5.0,5.0,5.0,5.0,4.0,5.0,4.0,5.0,5.0,6.0,5.0,5.0,5.0,6.0,4.952,6,6,7,6,6,6,6,5,5,7,6,7,7,7,7,7,7,7,6,5,6.25,6.0,7.0,6.0,7,1
126,45,1,3.0,3.0,3.0,3.0,1.0,2.0,3.0,3.0,3.0,3.0,3.0,3.0,4.0,4.0,4.0,2.0,4.0,4.0,3.0,2.0,4.0,3.048,3,3,3,2,6,5,5,5,6,4,4,5,3,2,2,3,1,4,4,5,2.75,5.0,2.2,4.33,4,1
127,54,2,5.0,5.0,6.0,6.0,5.0,6.0,4.0,3.0,4.0,5.0,5.0,5.0,5.0,7.0,6.0,7.0,6.0,6.0,5.0,4.0,5.0,5.238,5,7,5,4,5,6,5,5,6,4,6,6,6,5,5,5,6,3,4,6,5.25,5.38,5.4,4.33,3,1
128,51,2,5.0,5.0,4.0,6.0,5.0,5.0,6.0,6.0,5.0,6.0,5.0,7.0,7.0,7.0,5.0,7.0,6.0,5.0,6.0,7.0,6.0,5.762,7,7,5,6,5,4,7,5,5,5,5,4,5,4,5,4,4,5,6,6,6.25,5.0,4.4,5.67,3,1
129,28,2,5.0,5.0,5.0,4.0,4.0,4.0,5.0,5.0,5.0,6.0,7.0,5.0,7.0,4.0,6.0,6.0,6.0,6.0,6.0,6.0,5.0,5.333,4,4,4,5,4,4,5,5,5,4,5,6,3,4,4,4,3,6,4,5,4.25,4.75,3.6,5.0,5,0
130,50,1,5.0,5.0,6.0,4.0,3.0,4.0,3.0,4.0,5.0,6.0,4.0,6.0,5.0,5.0,5.0,4.0,6.0,5.0,6.0,4.0,6.0,4.81,5,5,4,4,3,4,4,4,4,4,4,4,3,1,2,2,3,3,3,3,4.5,3.88,2.2,3.0,5,1
131,46,2,4.0,5.0,6.0,5.0,7.0,5.0,6.0,6.0,6.0,5.0,7.0,7.0,4.0,3.0,5.0,5.0,6.0,6.0,4.0,4.0,4.0,5.238,6,4,4,5,7,6,5,5,5,7,5,5,5,3,3,4,4,5,5,6,4.75,5.62,3.8,5.33,3,1
132,61,2,6.0,7.0,6.0,7.0,5.0,5.0,7.0,6.0,6.0,6.0,6.0,7.0,5.0,4.0,5.0,4.0,5.0,4.0,4.0,3.0,5.0,5.381,6,5,5,4,4,7,5,5,5,6,6,6,6,6,7,7,4,6,7,5,5.0,5.5,6.0,6.0,6,1
133,28,1,6.0,4.0,5.0,4.0,6.0,6.0,6.0,5.0,6.0,7.0,6.0,4.0,6.0,5.0,3.0,5.0,5.0,6.0,4.0,4.0,5.0,5.143,6,4,5,5,5,3,4,4,4,5,5,5,3,5,5,4,5,6,4,5,5.0,4.38,4.4,5.0,6,1
134,57,2,4.0,4.0,4.0,5.0,3.0,6.0,4.0,5.0,4.0,4.0,3.0,4.0,5.0,4.0,5.0,4.0,4.0,4.0,4.0,3.0,3.0,4.095,2,3,2,3,3,2,2,3,3,3,3,2,5,4,4,3,4,3,4,4,2.5,2.62,4.0,3.67,3,1
135,56,1,6.0,6.0,7.0,6.0,6.0,5.0,7.0,6.0,6.0,5.0,6.0,5.0,6.0,6.0,5.0,6.0,5.0,5.0,5.0,5.0,4.0,5.619,6,5,6,6,7,7,6,7,7,7,7,7,6,6,5,6,6,5,4,5,5.75,6.88,5.8,4.67,5,1
136,41,2,5.0,6.0,5.0,6.0,6.0,4.0,5.0,5.0,5.0,7.0,7.0,6.0,4.0,4.0,4.0,2.0,4.0,4.0,5.0,5.0,4.0,4.905,5,5,4,6,3,4,5,4,4,4,2,4,2,3,3,5,4,6,5,5,5.0,3.75,3.4,5.33,5,1
137,36,2,4.0,4.0,4.0,4.0,5.0,4.0,6.0,6.0,5.0,6.0,6.0,3.0,6.0,3.0,4.0,5.0,5.0,3.0,5.0,5.0,5.0,4.667,4,4,4,4,4,4,5,4,5,3,4,5,5,4,5,4,4,6,6,6,4.0,4.25,4.4,6.0,4,1
138,54,2,6.0,6.0,6.0,3.0,4.0,5.0,4.0,5.0,6.0,4.0,4.0,4.0,3.0,5.0,6.0,5.0,3.0,3.0,3.0,1.0,2.0,4.19,3,5,4,3,5,5,4,4,5,4,4,4,6,5,5,6,5,4,3,2,3.75,4.38,5.4,3.0,4,1
139,25,1,4.0,3.0,5.0,5.0,4.0,4.0,4.0,6.0,5.0,6.0,7.0,5.0,5.0,5.0,5.0,4.0,4.0,4.0,2.0,3.0,3.0,4.429,1,1,1,1,4,2,3,3,3,2,3,3,3,4,3,3,3,4,6,5,1.0,2.88,3.2,5.0,6,1
140,46,2,5.0,5.0,6.0,5.0,7.0,7.0,5.0,4.0,4.0,6.0,5.0,7.0,2.0,5.0,5.0,7.0,7.0,6.0,6.0,6.0,5.0,5.476,5,5,6,7,6,5,7,6,5,7,5,6,6,7,6,6,6,7,7,6,5.75,5.88,6.2,6.67,7,1
141,36,1,6.0,6.0,5.0,5.0,3.0,5.0,7.0,5.0,5.0,7.0,4.0,6.0,6.0,6.0,4.0,6.0,6.0,6.0,4.0,5.0,5.0,5.333,6,6,6,6,6,6,5,6,6,7,7,7,5,6,5,5,4,7,7,6,6.0,6.25,5.0,6.67,4,1
142,49,1,4.0,6.0,4.0,4.0,4.0,3.0,6.0,6.0,6.0,5.0,5.0,5.0,5.0,5.0,6.0,5.0,6.0,6.0,5.0,5.0,5.0,5.048,5,5,5,5,6,6,7,5,4,4,5,5,4,5,4,4,5,4,6,4,5.0,5.25,4.4,4.67,6,1
143,18,2,5.0,5.0,5.0,4.0,6.0,5.0,5.0,5.0,5.0,7.0,7.0,6.0,6.0,5.0,5.0,6.0,7.0,5.0,5.0,5.0,6.0,5.476,6,5,6,5,4,7,5,7,5,6,6,5,4,6,6,6,4,4,4,6,5.5,5.62,5.2,4.67,5,1
144,44,1,6.0,7.0,5.0,7.0,7.0,7.0,7.0,6.0,7.0,5.0,7.0,6.0,6.0,6.0,7.0,5.0,5.0,6.0,6.0,5.0,5.0,6.095,4,4,3,4,5,5,3,5,4,5,5,3,6,5,5,4,6,6,6,6,3.75,4.38,5.2,6.0,2,1
145,32,2,5.0,5.0,5.0,6.0,5.0,5.0,5.0,5.0,3.0,5.0,6.0,6.0,7.0,6.0,4.0,5.0,5.0,5.0,5.0,5.0,5.0,5.143,7,7,7,7,6,7,5,6,7,7,5,7,5,5,5,6,5,6,6,7,7.0,6.25,5.2,6.33,7,1
146,53,2,7.0,7.0,7.0,6.0,7.0,6.0,7.0,7.0,7.0,7.0,7.0,7.0,6.0,6.0,4.0,7.0,6.0,4.0,4.0,4.0,6.0,6.143,5,5,4,4,5,5,6,4,5,6,5,4,4,5,5,4,4,6,5,5,4.5,5.0,4.4,5.33,4,1
147,56,2,6.0,4.0,6.0,6.0,4.0,6.0,5.0,5.0,4.0,4.0,4.0,3.0,5.0,5.0,5.0,5.0,7.0,6.0,6.0,4.0,5.0,5.0,4,6,5,5,4,5,5,5,5,5,6,4,6,5,4,4,5,3,4,5,5.0,4.88,4.8,4.0,1,1
148,18,3,5.0,3.0,3.0,4.0,4.0,5.0,5.0,4.0,2.0,4.0,4.0,4.0,5.0,6.0,4.0,4.0,5.0,4.0,4.0,3.0,3.0,4.048,4,3,5,5,4,5,5,6,6,5,5,6,5,5,5,2,6,4,5,4,4.25,5.25,4.6,4.33,6,1
149,34,2,4.0,5.0,5.0,6.0,6.0,5.0,6.0,6.0,5.0,6.0,7.0,6.0,6.0,6.0,7.0,7.0,6.0,5.0,7.0,5.0,7.0,5.857,7,6,7,7,6,6,6,5,6,7,7,6,6,6,6,6,6,4,4,3,6.75,6.12,6.0,3.67,4,1
150,20,1,4.0,4.0,4.0,2.0,4.0,2.0,4.0,4.0,4.0,6.0,7.0,6.0,4.0,6.0,5.0,5.0,5.0,6.0,6.0,6.0,5.0,4.714,5,4,4,4,5,6,6,6,5,5,5,6,7,7,6,5,7,5,5,5,4.25,5.5,6.4,5.0,2,1
151,75,2,6.0,7.0,5.0,4.0,5.0,5.0,6.0,7.0,5.0,6.0,7.0,5.0,5.0,3.0,5.0,5.0,6.0,5.0,4.0,7.0,5.0,5.381,6,6,7,7,7,7,7,7,7,7,7,7,6,7,6,5,5,5,4,5,6.5,7.0,5.8,4.67,4,1
152,43,2,4.0,5.0,4.0,2.0,4.0,4.0,4.0,4.0,3.0,5.0,7.0,5.0,4.0,4.0,5.0,3.0,3.0,3.0,3.0,2.0,3.0,3.857,6,5,5,6,6,5,6,5,4,5,6,6,6,5,6,6,5,7,7,6,5.5,5.38,5.6,6.67,6,1
153,52,1,5.0,5.0,4.0,3.0,5.0,4.0,4.0,4.0,5.0,4.0,3.0,2.0,4.0,3.0,3.0,4.0,4.0,5.0,4.0,3.0,4.0,3.905,4,3,4,4,6,6,6,7,6,3,5,6,3,3,3,4,4,5,4,4,3.75,5.62,3.4,4.33,6,1
154,49,1,4.0,2.0,3.0,4.0,3.0,5.0,3.0,3.0,3.0,4.0,2.0,3.0,5.0,2.0,2.0,4.0,4.0,4.0,5.0,5.0,4.0,3.524,2,3,2,2,4,6,5,5,5,4,6,5,3,2,3,1,2,2,3,1,2.25,5.0,2.2,2.0,4,1
155,30,3,6.0,5.0,6.0,5.0,4.0,5.0,6.0,6.0,7.0,5.0,5.0,3.0,6.0,7.0,6.0,5.0,7.0,7.0,5.0,4.0,7.0,5.571,4,6,5,5,6,5,6,5,6,7,6,6,5,7,6,5,7,6,6,5,5.0,5.88,6.0,5.67,5,1
156,55,3,7.0,6.0,5.0,7.0,6.0,7.0,7.0,7.0,7.0,7.0,7.0,6.0,7.0,7.0,6.0,6.0,7.0,7.0,6.0,7.0,7.0,6.619,7,7,7,7,6,6,5,6,7,7,7,6,6,6,6,5,7,4,5,5,7.0,6.25,6.0,4.67,6,1
157,59,1,5.0,5.0,5.0,2.0,4.0,5.0,4.0,4.0,4.0,5.0,6.0,6.0,6.0,5.0,6.0,5.0,5.0,5.0,5.0,3.0,4.0,4.714,5,4,4,6,7,5,6,5,6,5,5,6,4,2,3,2,3,4,4,3,4.75,5.62,2.8,3.67,4,1
158,29,2,6.0,6.0,6.0,5.0,5.0,5.0,5.0,5.0,5.0,6.0,6.0,5.0,5.0,6.0,7.0,4.0,3.0,5.0,7.0,5.0,6.0,5.381,3,3,3,3,4,4,3,3,3,4,3,3,3,4,5,6,4,4,3,4,3.0,3.38,4.4,3.67,6,1
159,38,1,4.0,3.0,3.0,5.0,4.0,5.0,6.0,6.0,5.0,5.0,6.0,7.0,5.0,5.0,3.0,3.0,3.0,4.0,3.0,2.0,4.0,4.333,4,3,4,3,2,4,3,3,5,4,2,4,4,3,4,4,3,3,3,4,3.5,3.38,3.6,3.33,6,1
160,46,1,7.0,6.0,6.0,6.0,6.0,7.0,5.0,5.0,5.0,3.0,5.0,5.0,6.0,6.0,6.0,6.0,6.0,6.0,4.0,5.0,5.0,5.524,6,4,5,6,6,5,6,6,5,5,6,6,4,5,5,5,6,5,4,4,5.25,5.62,5.0,4.33,2,1
161,50,1,5.0,6.0,6.0,3.0,4.0,4.0,4.0,5.0,4.0,5.0,4.0,5.0,5.0,6.0,6.0,3.0,5.0,4.0,4.0,4.0,4.0,4.571,4,5,4,4,5,5,6,6,5,5,6,6,5,4,6,5,5,3,4,4,4.25,5.5,5.0,3.67,5,1
162,54,2,7.0,6.0,7.0,7.0,5.0,7.0,7.0,7.0,7.0,4.0,6.0,6.0,7.0,7.0,7.0,6.0,4.0,4.0,6.0,7.0,6.0,6.19,6,5,5,5,5,5,5,5,6,5,6,4,3,3,3,5,3,3,4,4,5.25,5.12,3.4,3.67,1,1
163,50,1,5.0,4.0,4.0,4.0,3.0,5.0,3.0,4.0,4.0,5.0,6.0,6.0,5.0,5.0,5.0,3.0,2.0,3.0,5.0,4.0,4.0,4.238,6,5,4,4,6,6,5,4,5,5,5,6,5,3,1,5,3,4,6,5,4.75,5.25,3.4,5.0,5,1
164,35,2,4.0,3.0,3.0,5.0,5.0,5.0,4.0,2.0,4.0,6.0,5.0,4.0,5.0,5.0,3.0,4.0,4.0,3.0,4.0,4.0,4.0,4.095,6,5,5,7,5,7,6,6,5,6,6,7,6,5,5,5,4,4,3,3,5.75,6.0,5.0,3.33,4,1
165,50,2,3.0,3.0,4.0,5.0,3.0,5.0,5.0,5.0,5.0,6.0,4.0,6.0,3.0,4.0,2.0,3.0,4.0,2.0,3.0,4.0,5.0,4.0,4,3,4,4,5,4,4,5,6,4,4,6,3,2,4,4,3,5,5,4,3.75,4.75,3.2,4.67,4,1
166,47,2,4.0,4.0,3.0,4.0,4.0,4.0,4.0,4.0,5.0,6.0,4.0,6.0,7.0,7.0,6.0,3.0,4.0,5.0,4.0,2.0,3.0,4.429,4,5,5,2,4,5,4,5,3,5,4,4,4,6,4,5,5,4,4,4,4.0,4.25,4.8,4.0,5,1
167,46,2,4.0,4.0,4.0,6.0,6.0,5.0,6.0,5.0,4.0,4.0,6.0,6.0,7.0,7.0,7.0,6.0,5.0,5.0,5.0,5.0,5.0,5.333,4,4,3,4,4,4,5,4,4,4,4,6,2,4,3,5,2,5,4,6,3.75,4.38,3.2,5.0,2,1
168,26,1,6.0,5.0,6.0,4.0,5.0,5.0,4.0,4.0,3.0,4.0,4.0,4.0,5.0,5.0,4.0,5.0,6.0,3.0,4.0,4.0,5.0,4.524,5,5,5,5,7,5,6,6,7,7,6,5,5,5,5,4,4,3,4,4,5.0,6.12,4.6,3.67,4,1
169,52,2,7.0,6.0,6.0,6.0,7.0,5.0,4.0,6.0,3.0,6.0,6.0,5.0,7.0,7.0,6.0,5.0,5.0,6.0,5.0,5.0,6.0,5.667,4,5,4,7,6,5,6,5,7,6,6,6,7,5,5,7,4,6,7,7,5.0,5.88,5.6,6.67,5,1
170,59,2,3.0,3.0,2.0,3.0,3.0,4.0,4.0,3.0,4.0,6.0,5.0,6.0,4.0,6.0,7.0,4.0,4.0,4.0,4.0,4.0,3.0,4.095,3,3,4,3,6,5,4,5,3,3,5,4,5,5,5,4,5,2,3,3,3.25,4.38,4.8,2.67,5,1
171,43,2,4.0,5.0,4.0,4.0,3.0,5.0,5.0,5.0,5.0,7.0,6.0,5.0,4.0,5.0,4.0,5.0,4.0,4.0,4.0,3.0,3.0,4.476,1,2,4,2,4,3,3,4,4,4,4,5,1,2,1,1,1,3,3,3,2.25,3.88,1.2,3.0,5,1
172,24,2,5.0,5.0,4.0,5.0,7.0,5.0,6.0,7.0,7.0,5.0,6.0,4.0,4.0,4.0,5.0,5.0,7.0,5.0,5.0,5.0,5.0,5.286,3,3,4,4,4,5,5,6,5,5,6,7,3,3,4,3,4,6,4,5,3.5,5.38,3.4,5.0,6,1
173,46,2,5.0,6.0,5.0,5.0,5.0,5.0,5.0,6.0,6.0,5.0,5.0,5.0,4.0,3.0,4.0,5.0,5.0,6.0,5.0,5.0,5.0,5.0,4,5,5,4,6,5,5,4,4,6,4,4,5,3,4,3,4,5,5,6,4.5,4.75,3.8,5.33,3,1
174,40,1,6.0,5.0,7.0,7.0,5.0,5.0,6.0,6.0,6.0,5.0,6.0,5.0,5.0,5.0,5.0,4.0,6.0,5.0,7.0,6.0,6.0,5.619,7,6,7,7,5,6,6,5,4,6,6,5,4,6,5,3,5,4,5,5,6.75,5.38,4.6,4.67,5,1
175,49,1,7.0,7.0,6.0,7.0,7.0,6.0,6.0,7.0,7.0,7.0,6.0,6.0,7.0,6.0,7.0,7.0,7.0,7.0,5.0,5.0,5.0,6.429,5,7,6,7,6,6,6,5,5,5,5,6,4,6,6,4,6,4,5,3,6.25,5.5,5.2,4.0,6,1
176,59,1,7.0,6.0,7.0,6.0,7.0,6.0,7.0,7.0,7.0,6.0,5.0,6.0,6.0,4.0,7.0,5.0,7.0,6.0,6.0,4.0,5.0,6.048,7,5,7,7,7,7,7,7,7,6,7,7,4,5,3,5,5,7,7,5,6.5,6.88,4.4,6.33,6,1
177,75,2,6.0,6.0,6.0,5.0,6.0,5.0,7.0,4.0,6.0,7.0,7.0,7.0,7.0,6.0,7.0,5.0,6.0,5.0,6.0,6.0,6.0,6.0,7,5,5,6,4,5,4,3,4,3,5,4,7,6,6,5,6,5,6,6,5.75,4.0,6.0,5.67,4,1
178,75,1,5.0,6.0,5.0,6.0,5.0,6.0,6.0,7.0,7.0,4.0,6.0,7.0,5.0,5.0,5.0,6.0,7.0,7.0,6.0,7.0,6.0,5.905,7,7,5,6,5,5,6,5,5,5,7,6,5,5,7,5,4,6,7,7,6.25,5.5,5.2,6.67,5,1
179,42,1,5.0,5.0,4.0,5.0,4.0,5.0,7.0,6.0,6.0,5.0,6.0,7.0,7.0,7.0,7.0,6.0,6.0,6.0,6.0,5.0,5.0,5.714,6,5,5,5,5,5,5,4,3,4,4,4,5,7,5,7,5,5,5,7,5.25,4.25,5.8,5.67,3,1
180,49,2,7.0,7.0,7.0,7.0,5.0,3.0,4.0,4.0,4.0,6.0,7.0,6.0,5.0,6.0,6.0,6.0,7.0,7.0,6.0,5.0,5.0,5.714,7,7,7,7,7,6,7,6,7,6,5,6,7,6,7,7,5,6,5,5,7.0,6.25,6.4,5.33,5,1
181,37,2,7.0,7.0,7.0,7.0,6.0,6.0,5.0,6.0,6.0,5.0,7.0,7.0,7.0,5.0,7.0,7.0,7.0,7.0,6.0,7.0,7.0,6.476,6,6,6,7,4,5,4,4,5,4,4,4,5,5,4,4,4,4,5,5,6.25,4.25,4.4,4.67,7,1
182,63,2,5.0,6.0,5.0,5.0,5.0,4.0,5.0,4.0,5.0,5.0,6.0,4.0,6.0,7.0,6.0,7.0,6.0,6.0,6.0,6.0,5.0,5.429,6,6,4,5,5,7,5,5,4,4,4,5,4,6,3,5,5,5,5,4,5.25,4.88,4.6,4.67,3,1
183,53,1,4.0,6.0,5.0,6.0,4.0,4.0,6.0,6.0,5.0,5.0,5.0,5.0,7.0,7.0,6.0,7.0,5.0,4.0,4.0,5.0,5.0,5.286,5,5,5,5,5,4,4,4,5,5,5,5,6,3,5,6,6,5,6,6,5.0,4.62,5.2,5.67,5,1
184,49,1,6.0,5.0,5.0,3.0,5.0,4.0,3.0,3.0,2.0,5.0,5.0,6.0,5.0,4.0,6.0,4.0,3.0,5.0,3.0,3.0,2.0,4.143,4,4,6,5,4,5,4,6,6,4,5,7,4,4,3,4,2,3,5,4,4.75,5.12,3.4,4.0,1,1
185,49,2,7.0,5.0,5.0,6.0,7.0,5.0,4.0,4.0,5.0,4.0,5.0,3.0,7.0,7.0,7.0,5.0,6.0,4.0,6.0,7.0,5.0,5.429,6,7,5,4,5,6,5,5,4,5,4,5,4,5,5,4,7,5,5,7,5.5,4.88,5.0,5.67,5,1
186,50,1,2.0,4.0,4.0,4.0,5.0,3.0,5.0,6.0,6.0,5.0,5.0,5.0,3.0,4.0,4.0,5.0,3.0,4.0,5.0,5.0,5.0,4.381,3,4,5,5,4,3,4,3,4,4,4,4,5,5,4,5,4,5,4,6,4.25,3.75,4.6,5.0,5,1
187,52,2,6.0,4.0,4.0,4.0,4.0,5.0,3.0,4.0,4.0,7.0,5.0,6.0,5.0,6.0,5.0,5.0,4.0,3.0,5.0,4.0,5.0,4.667,4,4,5,4,4,5,5,4,5,4,5,5,3,5,6,4,5,6,4,6,4.25,4.62,4.6,5.33,3,1
188,41,2,6.0,6.0,7.0,5.0,5.0,4.0,5.0,5.0,5.0,4.0,6.0,5.0,7.0,7.0,6.0,3.0,5.0,4.0,5.0,5.0,5.0,5.238,7,6,6,6,6,7,6,5,6,7,5,6,5,6,7,7,6,6,7,6,6.25,6.0,6.2,6.33,5,1
189,45,2,7.0,6.0,7.0,5.0,6.0,4.0,5.0,4.0,5.0,7.0,6.0,6.0,4.0,5.0,7.0,5.0,5.0,7.0,6.0,6.0,4.0,5.571,7,7,6,7,6,6,6,7,6,7,5,6,7,5,5,4,4,7,7,7,6.75,6.12,5.0,7.0,5,1
190,41,1,4.0,5.0,4.0,3.0,5.0,5.0,6.0,5.0,6.0,5.0,5.0,6.0,5.0,6.0,5.0,5.0,6.0,5.0,5.0,6.0,5.0,5.095,7,7,6,6,7,5,6,6,7,7,6,6,5,7,5,5,6,4,5,5,6.5,6.25,5.6,4.67,3,1
191,59,1,5.0,4.0,4.0,5.0,5.0,7.0,3.0,5.0,5.0,5.0,6.0,7.0,5.0,6.0,4.0,4.0,4.0,5.0,5.0,5.0,5.0,4.952,6,4,5,5,4,4,5,6,6,4,4,6,6,5,5,5,6,4,6,6,5.0,4.88,5.4,5.33,1,1
192,47,1,5.0,6.0,5.0,5.0,5.0,5.0,6.0,4.0,6.0,6.0,7.0,6.0,7.0,7.0,7.0,7.0,6.0,6.0,6.0,7.0,7.0,6.0,4,7,5,6,6,5,5,4,5,5,5,6,6,5,4,5,5,6,6,4,5.5,5.12,5.0,5.33,4,1
193,55,1,7.0,7.0,7.0,5.0,6.0,7.0,6.0,6.0,6.0,7.0,5.0,4.0,6.0,6.0,5.0,7.0,6.0,6.0,7.0,7.0,6.0,6.143,7,7,6,7,6,6,7,7,7,7,6,6,5,7,6,5,6,6,7,6,6.75,6.5,5.8,6.33,6,1
194,75,1,5.0,5.0,5.0,6.0,7.0,7.0,6.0,6.0,7.0,6.0,6.0,6.0,7.0,7.0,7.0,4.0,4.0,5.0,4.0,6.0,6.0,5.81,3,5,6,5,4,5,4,4,5,4,4,5,5,5,5,5,4,6,7,5,4.75,4.38,4.8,6.0,4,1
195,64,2,6.0,7.0,6.0,6.0,7.0,7.0,5.0,6.0,6.0,7.0,6.0,7.0,6.0,7.0,7.0,5.0,7.0,7.0,5.0,4.0,5.0,6.143,5,5,6,5,4,5,5,5,3,5,6,5,4,4,4,4,3,5,5,6,5.25,4.75,3.8,5.33,4,1
196,40,2,6.0,5.0,5.0,5.0,4.0,4.0,4.0,3.0,3.0,4.0,6.0,4.0,5.0,5.0,5.0,4.0,3.0,3.0,4.0,4.0,4.0,4.286,2,2,2,2,2,2,3,2,2,2,2,2,5,4,3,4,4,4,3,3,2.0,2.12,4.0,3.33,5,1
197,51,2,6.0,6.0,7.0,5.0,5.0,5.0,6.0,7.0,6.0,7.0,5.0,6.0,6.0,6.0,5.0,5.0,6.0,6.0,6.0,5.0,5.0,5.762,6,6,5,6,6,7,6,7,7,7,7,7,5,6,6,6,4,6,4,5,5.75,6.75,5.4,5.0,4,1
198,70,2,6.0,7.0,7.0,5.0,5.0,6.0,5.0,5.0,5.0,7.0,4.0,5.0,7.0,5.0,5.0,7.0,5.0,5.0,4.0,5.0,4.0,5.429,6,6,5,6,6,4,7,5,6,5,6,5,4,3,5,6,5,5,6,6,5.75,5.5,4.6,5.67,1,1
199,38,2,4.0,5.0,5.0,6.0,4.0,3.0,4.0,2.0,3.0,3.0,5.0,4.0,6.0,3.0,5.0,5.0,5.0,4.0,3.0,4.0,4.0,4.143,3,2,3,3,6,6,6,6,4,6,5,5,2,4,3,4,4,4,4,4,2.75,5.5,3.4,4.0,3,1
200,32,2,4.0,5.0,4.0,4.0,6.0,5.0,6.0,7.0,5.0,6.0,5.0,5.0,7.0,7.0,6.0,4.0,4.0,3.0,5.0,5.0,5.0,5.143,5,6,6,5,6,6,7,6,6,6,7,6,5,5,4,4,4,4,5,5,5.5,6.25,4.4,4.67,6,1
201,44,2,7.0,6.0,4.0,6.0,6.0,5.0,4.0,5.0,4.0,7.0,5.0,6.0,6.0,5.0,4.0,6.0,3.0,5.0,4.0,5.0,4.0,5.095,5,4,3,3,4,6,5,5,3,5,5,5,4,4,3,5,4,5,6,4,3.75,4.75,4.0,5.0,6,1
202,48,1,4.0,4.0,3.0,5.0,7.0,6.0,5.0,5.0,4.0,3.0,3.0,4.0,7.0,6.0,6.0,6.0,6.0,5.0,6.0,7.0,4.0,5.048,5,6,6,7,6,6,6,6,5,6,6,5,4,6,5,6,7,5,5,4,6.0,5.75,5.6,4.67,5,1
203,29,2,5.0,7.0,6.0,7.0,6.0,6.0,7.0,5.0,5.0,5.0,5.0,6.0,5.0,6.0,5.0,6.0,6.0,5.0,6.0,5.0,5.0,5.667,5,5,5,5,5,6,6,5,6,6,6,5,5,6,6,4,5,3,5,3,5.0,5.62,5.2,3.67,4,1
204,55,2,6.0,6.0,6.0,6.0,5.0,6.0,7.0,6.0,5.0,6.0,5.0,6.0,5.0,5.0,7.0,7.0,7.0,5.0,5.0,5.0,6.0,5.81,3,3,3,1,4,4,3,5,5,5,5,5,3,2,1,3,2,5,6,7,2.5,4.5,2.2,6.0,4,1
205,69,1,2.0,2.0,2.0,4.0,5.0,4.0,4.0,4.0,4.0,3.0,4.0,2.0,3.0,4.0,3.0,4.0,4.0,4.0,1.0,2.0,1.0,3.143,3,3,3,2,5,5,5,5,5,5,5,5,5,4,5,4,5,4,4,5,2.75,5.0,4.6,4.33,3,1
206,53,1,4.0,3.0,4.0,4.0,3.0,5.0,3.0,4.0,4.0,5.0,6.0,6.0,4.0,3.0,3.0,5.0,4.0,5.0,6.0,5.0,6.0,4.381,2,2,2,2,3,2,3,3,3,3,4,2,2,3,2,4,3,5,5,4,2.0,2.88,2.8,4.67,2,1
207,51,2,4.0,4.0,4.0,5.0,4.0,3.0,3.0,3.0,3.0,3.0,3.0,3.0,4.0,2.0,3.0,5.0,3.0,4.0,2.0,3.0,3.0,3.381,2,3,3,1,4,4,5,4,4,4,4,4,3,1,3,2,1,3,6,5,2.25,4.12,2.0,4.67,4,1
208,34,2,5.0,6.0,6.0,4.0,5.0,4.0,6.0,6.0,6.0,4.0,5.0,5.0,5.0,4.0,4.0,4.0,5.0,3.0,4.0,5.0,5.0,4.81,3,3,4,4,5,4,5,5,4,4,6,6,4,3,3,6,3,5,5,5,3.5,4.88,3.8,5.0,4,1
209,64,1,5.0,5.0,5.0,6.0,6.0,5.0,3.0,3.0,4.0,5.0,7.0,6.0,4.0,5.0,5.0,5.0,4.0,6.0,5.0,4.0,4.0,4.857,5,4,5,5,3,4,3,4,3,3,4,4,4,4,5,5,5,6,5,5,4.75,3.5,4.6,5.33,3,1
210,57,2,5.0,6.0,6.0,7.0,6.0,7.0,6.0,6.0,6.0,4.0,5.0,4.0,5.0,4.0,5.0,6.0,5.0,5.0,5.0,5.0,5.0,5.381,7,7,6,7,6,5,5,7,4,6,6,5,4,6,4,5,4,6,5,6,6.75,5.5,4.6,5.67,5,1
211,47,1,6.0,6.0,4.0,4.0,4.0,3.0,5.0,5.0,5.0,5.0,7.0,5.0,5.0,4.0,7.0,6.0,5.0,5.0,5.0,3.0,2.0,4.81,4,4,5,6,4,4,5,5,5,4,5,5,5,3,4,4,3,5,5,5,4.75,4.62,3.8,5.0,2,1
212,51,2,7.0,7.0,7.0,5.0,4.0,5.0,7.0,7.0,7.0,5.0,4.0,6.0,6.0,6.0,5.0,6.0,5.0,5.0,4.0,5.0,4.0,5.571,5,4,5,5,4,4,6,5,4,5,4,5,6,6,6,3,5,5,5,2,4.75,4.62,5.2,4.0,5,1
213,75,1,5.0,3.0,2.0,5.0,5.0,5.0,4.0,3.0,3.0,5.0,6.0,6.0,5.0,3.0,4.0,3.0,4.0,4.0,5.0,4.0,5.0,4.238,4,4,3,5,4,4,4,3,5,4,3,5,1,3,2,2,2,5,5,5,4.0,4.0,2.0,5.0,5,1
214,55,1,6.0,6.0,6.0,5.0,6.0,5.0,5.0,5.0,6.0,6.0,5.0,5.0,4.0,5.0,4.0,5.0,6.0,4.0,5.0,4.0,5.0,5.143,6,7,6,7,6,7,7,7,7,7,7,7,5,4,5,6,5,5,5,6,6.5,6.88,5.0,5.33,4,1
215,33,1,2.0,3.0,4.0,3.0,4.0,5.0,3.0,4.0,3.0,4.0,5.0,4.0,5.0,4.0,4.0,4.0,4.0,5.0,2.0,1.0,1.0,3.524,3,4,5,6,5,4,3,3,3,5,4,5,5,4,5,5,3,4,5,5,4.5,4.0,4.4,4.67,4,1
216,26,1,4.0,4.0,4.0,6.0,4.0,4.0,3.0,4.0,3.0,4.0,5.0,4.0,4.0,3.0,5.0,5.0,6.0,6.0,4.0,4.0,5.0,4.333,5,4,5,5,6,5,5,5,5,6,4,4,3,6,4,5,5,5,4,4,4.75,5.0,4.6,4.33,5,1
217,54,2,5.0,7.0,6.0,3.0,4.0,3.0,4.0,5.0,5.0,5.0,3.0,4.0,5.0,4.0,4.0,4.0,4.0,3.0,6.0,4.0,4.0,4.381,3,3,4,4,4,4,4,3,4,3,2,2,3,5,5,5,4,6,5,5,3.5,3.25,4.4,5.33,6,1
218,48,2,7.0,7.0,7.0,7.0,7.0,5.0,5.0,6.0,6.0,7.0,6.0,7.0,6.0,4.0,6.0,6.0,7.0,5.0,5.0,5.0,5.0,6.0,6,7,7,7,6,5,6,5,6,6,6,5,4,4,3,4,4,5,6,4,6.75,5.62,3.8,5.0,6,1
219,46,2,7.0,7.0,7.0,6.0,6.0,6.0,7.0,7.0,7.0,7.0,6.0,7.0,6.0,7.0,6.0,7.0,7.0,7.0,7.0,6.0,6.0,6.619,6,6,6,6,4,5,4,4,4,5,5,5,5,6,5,6,2,6,5,5,6.0,4.5,4.8,5.33,4,0
220,59,2,4.0,7.0,4.0,5.0,6.0,6.0,6.0,5.0,5.0,6.0,6.0,5.0,7.0,7.0,7.0,7.0,6.0,7.0,6.0,5.0,6.0,5.857,7,7,7,7,7,7,7,6,7,6,7,6,6,6,5,5,7,7,6,6,7.0,6.62,5.8,6.33,7,1
221,62,2,5.0,5.0,5.0,6.0,5.0,4.0,5.0,5.0,5.0,5.0,5.0,6.0,5.0,5.0,5.0,3.0,4.0,3.0,3.0,4.0,5.0,4.667,6,6,6,7,6,4,4,5,4,5,6,5,4,4,3,2,3,6,5,7,6.25,4.88,3.2,6.0,3,1
222,49,1,5.0,6.0,4.0,4.0,5.0,3.0,5.0,4.0,5.0,5.0,6.0,5.0,6.0,4.0,4.0,4.0,3.0,5.0,6.0,6.0,6.0,4.81,2,4,4,5,4,6,6,5,6,5,5,7,6,4,4,3,4,5,4,5,3.75,5.5,4.2,4.67,6,1
223,49,1,7.0,5.0,4.0,4.0,6.0,4.0,6.0,6.0,6.0,5.0,6.0,7.0,4.0,5.0,5.0,5.0,6.0,5.0,4.0,4.0,3.0,5.095,4,4,5,6,6,6,6,7,6,6,7,7,6,5,4,4,4,4,2,4,4.75,6.38,4.6,3.33,3,1
224,35,2,6.0,7.0,6.0,3.0,5.0,4.0,5.0,5.0,6.0,7.0,7.0,7.0,3.0,5.0,5.0,6.0,5.0,6.0,4.0,4.0,5.0,5.286,5,6,4,5,5,6,7,7,7,7,6,6,3,4,2,1,3,5,5,5,5.0,6.38,2.6,5.0,4,1
225,31,1,4.0,4.0,4.0,7.0,5.0,5.0,5.0,5.0,4.0,6.0,4.0,5.0,2.0,4.0,3.0,6.0,5.0,4.0,3.0,3.0,3.0,4.333,3,2,2,4,5,5,4,4,5,5,4,3,3,3,3,3,4,5,2,4,2.75,4.38,3.2,3.67,4,1
226,46,2,5.0,6.0,6.0,4.0,6.0,6.0,4.0,3.0,3.0,4.0,5.0,5.0,6.0,5.0,6.0,6.0,5.0,5.0,3.0,4.0,3.0,4.762,4,5,3,4,5,5,5,6,6,6,4,4,4,3,4,2,4,5,6,4,4.0,5.12,3.4,5.0,5,1
227,38,1,4.0,5.0,5.0,6.0,4.0,5.0,4.0,5.0,4.0,5.0,5.0,5.0,5.0,6.0,4.0,4.0,5.0,5.0,4.0,4.0,5.0,4.714,4,4,4,4,5,5,6,5,5,5,5,5,4,3,2,2,4,3,3,4,4.0,5.12,3.0,3.33,3,1
228,40,2,4.0,6.0,5.0,6.0,5.0,5.0,6.0,5.0,7.0,6.0,7.0,6.0,7.0,6.0,7.0,4.0,4.0,4.0,3.0,4.0,4.0,5.286,6,6,5,6,7,6,7,6,7,7,6,7,7,7,6,7,7,5,4,6,5.75,6.62,6.8,5.0,4,1
229,40,3,4.0,5.0,4.0,5.0,5.0,4.0,5.0,5.0,5.0,5.0,4.0,4.0,6.0,5.0,5.0,5.0,5.0,4.0,4.0,6.0,4.0,4.714,6,5,5,5,6,6,6,6,6,7,6,7,6,6,7,6,7,5,5,6,5.25,6.25,6.4,5.33,4,1
230,47,1,6.0,5.0,6.0,5.0,5.0,6.0,6.0,5.0,6.0,6.0,6.0,5.0,6.0,5.0,5.0,6.0,5.0,5.0,6.0,5.0,6.0,5.524,4,5,3,6,5,3,4,5,3,5,4,2,6,6,6,7,5,5,7,6,4.5,3.88,6.0,6.0,6,1
231,58,1,7.0,5.0,5.0,5.0,5.0,6.0,7.0,6.0,4.0,7.0,7.0,6.0,7.0,6.0,7.0,4.0,4.0,3.0,6.0,5.0,6.0,5.619,4,5,5,3,5,6,5,5,5,6,5,6,4,5,4,5,5,3,4,3,4.25,5.38,4.6,3.33,2,1
232,49,2,6.0,6.0,4.0,5.0,6.0,5.0,4.0,5.0,5.0,7.0,6.0,6.0,5.0,6.0,7.0,4.0,5.0,4.0,4.0,5.0,5.0,5.238,3,3,3,5,5,6,5,5,6,5,5,6,2,3,4,4,4,4,4,5,3.5,5.38,3.4,4.33,6,1
233,44,1,5.0,7.0,6.0,5.0,5.0,6.0,6.0,6.0,6.0,4.0,6.0,6.0,7.0,7.0,7.0,4.0,5.0,4.0,4.0,6.0,4.0,5.524,3,3,3,4,4,4,4,4,5,4,3,4,5,5,5,4,4,6,5,5,3.25,4.0,4.6,5.33,2,1
234,46,1,2.0,5.0,4.0,6.0,5.0,5.0,5.0,3.0,3.0,5.0,4.0,5.0,4.0,2.0,4.0,4.0,5.0,4.0,4.0,3.0,3.0,4.048,4,3,4,4,6,5,5,6,5,6,6,6,4,3,5,4,5,3,4,3,3.75,5.62,4.2,3.33,2,1
235,68,2,6.0,6.0,5.0,6.0,5.0,5.0,5.0,5.0,5.0,7.0,5.0,6.0,5.0,4.0,5.0,6.0,4.0,5.0,6.0,4.0,5.0,5.238,3,5,4,5,6,6,5,6,6,4,6,5,3,3,3,4,4,5,4,4,4.25,5.5,3.4,4.33,3,1
236,23,1,5.0,5.0,5.0,4.0,5.0,6.0,5.0,5.0,4.0,6.0,6.0,6.0,5.0,5.0,5.0,6.0,6.0,6.0,4.0,5.0,4.0,5.143,5,5,5,6,7,6,5,5,6,6,6,7,6,4,4,5,7,3,4,5,5.25,6.0,5.2,4.0,4,1
237,55,1,3.0,3.0,3.0,5.0,4.0,4.0,3.0,4.0,4.0,3.0,5.0,6.0,5.0,4.0,5.0,3.0,4.0,3.0,2.0,3.0,4.0,3.81,4,4,4,4,5,6,5,4,6,5,5,6,6,5,5,4,5,5,6,4,4.0,5.25,5.0,5.0,7,1
238,38,2,7.0,6.0,6.0,4.0,4.0,5.0,4.0,6.0,4.0,4.0,4.0,5.0,4.0,3.0,4.0,4.0,4.0,4.0,4.0,4.0,5.0,4.524,5,5,6,4,3,3,5,3,4,3,4,5,6,6,7,6,6,3,3,3,5.0,3.75,6.2,3.0,3,1
239,56,2,6.0,7.0,5.0,4.0,5.0,3.0,4.0,6.0,4.0,4.0,4.0,4.0,5.0,6.0,6.0,3.0,5.0,4.0,4.0,5.0,5.0,4.714,6,6,7,7,5,6,5,6,5,5,6,5,5,4,3,4,3,5,7,3,6.5,5.38,3.8,5.0,3,1
240,54,2,5.0,4.0,4.0,5.0,5.0,5.0,4.0,5.0,5.0,7.0,6.0,6.0,5.0,3.0,5.0,4.0,5.0,6.0,5.0,4.0,5.0,4.905,5,4,5,5,5,6,5,5,4,5,5,5,4,5,5,5,6,3,3,6,4.75,5.0,5.0,4.0,4,1
241,53,2,5.0,5.0,5.0,5.0,5.0,5.0,5.0,5.0,5.0,4.0,3.0,4.0,5.0,4.0,5.0,7.0,7.0,6.0,5.0,4.0,5.0,4.952,4,5,5,4,5,6,6,6,7,5,4,6,5,6,5,6,5,7,7,5,4.5,5.62,5.4,6.33,5,1
242,45,1,5.0,6.0,6.0,6.0,6.0,4.0,4.0,4.0,5.0,5.0,7.0,6.0,7.0,6.0,6.0,6.0,6.0,6.0,6.0,6.0,6.0,5.667,6,6,6,6,6,7,6,6,6,6,5,6,7,5,7,6,5,6,7,6,6.0,6.0,6.0,6.33,6,1
243,54,1,5.0,5.0,7.0,6.0,6.0,6.0,7.0,6.0,6.0,6.0,6.0,7.0,6.0,7.0,7.0,6.0,5.0,7.0,4.0,6.0,5.0,6.0,7,7,6,7,6,7,6,5,7,6,6,6,6,5,5,6,6,5,4,4,6.75,6.12,5.6,4.33,5,1
244,37,1,7.0,6.0,7.0,3.0,5.0,6.0,5.0,4.0,5.0,7.0,7.0,7.0,5.0,6.0,5.0,5.0,6.0,6.0,5.0,4.0,5.0,5.524,4,3,3,5,6,4,7,4,6,5,7,5,4,4,3,2,4,5,5,4,3.75,5.5,3.4,4.67,4,1
245,28,2,4.0,5.0,3.0,4.0,6.0,4.0,7.0,5.0,4.0,5.0,4.0,5.0,4.0,4.0,3.0,4.0,4.0,3.0,5.0,5.0,5.0,4.429,4,5,5,5,6,5,6,5,5,5,6,5,5,6,5,6,5,4,3,6,4.75,5.38,5.4,4.33,3,1
246,41,1,5.0,6.0,5.0,6.0,6.0,6.0,6.0,6.0,5.0,5.0,5.0,7.0,5.0,3.0,4.0,5.0,7.0,5.0,5.0,6.0,5.0,5.381,6,7,6,6,6,5,6,6,7,7,6,6,5,7,5,6,7,5,6,5,6.25,6.12,6.0,5.33,5,1
247,56,2,5.0,6.0,5.0,7.0,7.0,7.0,6.0,6.0,5.0,7.0,5.0,5.0,7.0,6.0,5.0,6.0,6.0,6.0,4.0,6.0,5.0,5.81,7,7,6,6,6,5,5,6,4,7,5,5,4,4,4,3,6,5,6,7,6.5,5.38,4.2,6.0,6,1
248,47,1,4.0,5.0,4.0,4.0,3.0,4.0,4.0,4.0,4.0,2.0,3.0,1.0,5.0,5.0,5.0,3.0,5.0,5.0,4.0,4.0,4.0,3.905,4,4,4,3,4,4,5,6,5,4,4,5,4,4,5,6,4,5,6,6,3.75,4.62,4.6,5.67,3,1
249,49,2,7.0,6.0,7.0,6.0,7.0,6.0,6.0,6.0,5.0,5.0,5.0,7.0,4.0,5.0,6.0,5.0,6.0,7.0,4.0,4.0,4.0,5.619,3,5,4,5,4,5,4,5,4,6,5,4,3,4,2,4,2,3,4,3,4.25,4.62,3.0,3.33,5,1
250,56,2,5.0,4.0,5.0,7.0,5.0,6.0,4.0,4.0,5.0,5.0,6.0,6.0,6.0,5.0,5.0,4.0,4.0,3.0,5.0,5.0,5.0,4.952,5,5,4,4,5,5,5,4,5,5,5,5,5,4,4,4,4,7,6,5,4.5,4.88,4.2,6.0,5,1
251,53,1,5.0,6.0,4.0,3.0,3.0,3.0,5.0,6.0,4.0,5.0,4.0,5.0,5.0,5.0,6.0,4.0,4.0,3.0,5.0,5.0,4.0,4.476,5,6,6,6,6,6,6,5,7,7,5,5,5,5,5,5,4,4,4,5,5.75,5.88,4.8,4.33,6,1
252,37,1,7.0,6.0,6.0,7.0,7.0,6.0,5.0,5.0,6.0,5.0,7.0,7.0,5.0,4.0,5.0,6.0,7.0,7.0,7.0,7.0,6.0,6.095,7,7,7,6,6,6,7,7,6,5,7,7,6,5,4,5,7,6,7,6,6.75,6.38,5.4,6.33,7,1
253,31,1,5.0,5.0,7.0,5.0,3.0,5.0,4.0,4.0,3.0,4.0,6.0,5.0,2.0,3.0,3.0,5.0,3.0,3.0,2.0,2.0,3.0,3.905,4,4,3,3,4,5,5,4,4,4,5,5,4,3,5,5,4,5,4,5,3.5,4.5,4.2,4.67,3,1
254,50,1,3.0,3.0,4.0,4.0,4.0,5.0,4.0,3.0,3.0,4.0,4.0,3.0,2.0,4.0,4.0,5.0,4.0,4.0,5.0,4.0,5.0,3.857,4,3,5,4,4,5,4,4,4,3,5,2,5,5,5,5,4,5,4,5,4.0,3.88,4.8,4.67,4,1
255,36,1,4.0,4.0,3.0,4.0,4.0,6.0,4.0,4.0,5.0,5.0,5.0,2.0,6.0,5.0,4.0,3.0,4.0,3.0,3.0,3.0,4.0,4.048,4,4,4,2,6,6,6,5,4,7,5,5,7,5,6,5,4,4,4,5,3.5,5.5,5.4,4.33,4,1
256,31,2,4.0,2.0,3.0,3.0,4.0,2.0,5.0,5.0,5.0,3.0,4.0,3.0,2.0,3.0,3.0,3.0,4.0,4.0,3.0,2.0,5.0,3.429,4,3,3,3,3,4,5,6,5,5,4,4,1,3,2,4,3,5,6,5,3.25,4.5,2.6,5.33,5,1
257,22,2,4.0,5.0,5.0,5.0,4.0,5.0,4.0,5.0,4.0,4.0,6.0,4.0,4.0,4.0,4.0,7.0,6.0,7.0,4.0,3.0,4.0,4.667,5,5,5,5,5,6,6,6,5,6,5,6,5,6,5,5,4,5,5,5,5.0,5.62,5.0,5.0,5,1
258,38,2,6.0,5.0,6.0,5.0,5.0,5.0,6.0,6.0,7.0,6.0,6.0,6.0,4.0,5.0,5.0,5.0,5.0,6.0,5.0,5.0,5.0,5.429,6,6,6,6,5,5,6,6,5,6,5,5,4,4,5,7,4,5,5,5,6.0,5.38,4.8,5.0,4,1
259,38,1,7.0,7.0,7.0,7.0,6.0,5.0,7.0,7.0,5.0,6.0,6.0,7.0,6.0,6.0,6.0,6.0,6.0,5.0,5.0,7.0,5.0,6.143,7,6,7,7,6,6,6,6,6,6,6,7,4,6,5,6,4,6,6,5,6.75,6.12,5.0,5.67,5,1
260,47,2,6.0,5.0,7.0,6.0,7.0,7.0,5.0,4.0,4.0,5.0,5.0,4.0,6.0,7.0,6.0,5.0,5.0,5.0,5.0,4.0,4.0,5.333,7,7,7,6,6,6,7,7,5,7,7,6,5,4,6,4,7,6,6,6,6.75,6.38,5.2,6.0,5,1
261,32,2,6.0,6.0,5.0,4.0,3.0,5.0,5.0,6.0,6.0,3.0,6.0,6.0,4.0,4.0,5.0,5.0,5.0,4.0,5.0,5.0,5.0,4.905,6,5,6,6,5,6,6,5,5,5,6,7,5,5,5,5,5,4,5,5,5.75,5.62,5.0,4.67,5,1
262,65,1,4.0,4.0,4.0,4.0,5.0,5.0,4.0,3.0,5.0,6.0,5.0,5.0,6.0,6.0,6.0,5.0,5.0,7.0,5.0,4.0,4.0,4.857,3,4,4,4,2,2,4,3,4,4,3,4,5,5,6,4,3,4,3,3,3.75,3.25,4.6,3.33,6,1
263,40,2,4.0,5.0,4.0,5.0,5.0,5.0,6.0,7.0,6.0,6.0,5.0,5.0,6.0,5.0,5.0,5.0,7.0,6.0,5.0,4.0,4.0,5.238,7,7,6,7,6,5,5,6,7,5,5,6,6,6,6,6,5,6,4,6,6.75,5.62,5.8,5.33,5,1
264,71,1,4.0,3.0,3.0,2.0,3.0,4.0,3.0,3.0,4.0,4.0,5.0,7.0,4.0,5.0,4.0,3.0,4.0,3.0,3.0,4.0,3.0,3.714,5,5,6,5,5,7,6,6,6,7,6,6,4,3,6,3,5,5,5,4,5.25,6.12,4.2,4.67,5,1
265,46,2,4.0,5.0,4.0,4.0,4.0,5.0,3.0,3.0,3.0,5.0,4.0,4.0,5.0,3.0,4.0,4.0,2.0,4.0,4.0,4.0,3.0,3.857,4,4,3,4,5,4,5,3,5,4,4,6,5,5,4,5,5,5,4,4,3.75,4.5,4.8,4.33,5,1
266,51,1,6.0,6.0,5.0,3.0,4.0,4.0,4.0,4.0,5.0,4.0,7.0,6.0,4.0,5.0,5.0,5.0,6.0,5.0,4.0,5.0,5.0,4.857,4,4,4,3,3,6,4,6,4,4,4,6,5,5,4,4,6,2,3,5,3.75,4.62,4.8,3.33,2,1
267,35,1,5.0,6.0,6.0,6.0,7.0,5.0,7.0,6.0,7.0,7.0,5.0,5.0,7.0,5.0,7.0,6.0,7.0,7.0,5.0,6.0,6.0,6.095,6,6,6,5,6,5,5,6,6,6,6,5,5,5,5,6,4,6,5,6,5.75,5.62,5.0,5.67,5,1
268,42,2,3.0,3.0,2.0,3.0,3.0,2.0,3.0,2.0,4.0,4.0,3.0,3.0,2.0,3.0,3.0,4.0,3.0,4.0,2.0,1.0,3.0,2.857,1,2,3,4,4,4,4,5,4,4,4,6,5,3,2,3,2,2,2,3,2.5,4.38,3.0,2.33,3,1
269,75,2,7.0,7.0,6.0,6.0,5.0,6.0,5.0,6.0,5.0,5.0,7.0,7.0,7.0,5.0,6.0,7.0,7.0,7.0,6.0,6.0,6.0,6.143,5,4,5,5,5,4,5,4,4,5,5,5,5,5,5,5,5,4,6,5,4.75,4.62,5.0,5.0,4,1
270,46,1,7.0,6.0,7.0,5.0,7.0,5.0,6.0,6.0,6.0,5.0,7.0,5.0,7.0,5.0,5.0,5.0,5.0,7.0,5.0,4.0,5.0,5.714,6,5,5,7,5,6,5,5,6,5,6,5,4,5,5,5,5,6,5,7,5.75,5.38,4.8,6.0,5,1
271,31,2,6.0,7.0,6.0,5.0,5.0,7.0,6.0,5.0,5.0,5.0,7.0,5.0,7.0,7.0,7.0,7.0,7.0,6.0,7.0,7.0,6.0,6.19,7,7,7,7,5,7,7,7,6,6,6,7,6,6,5,7,7,7,6,6,7.0,6.38,6.2,6.33,6,1
272,59,1,4.0,3.0,4.0,4.0,6.0,5.0,3.0,4.0,4.0,4.0,5.0,4.0,4.0,2.0,4.0,4.0,4.0,3.0,2.0,3.0,3.0,3.762,4,3,3,3,5,4,4,5,4,4,5,4,5,3,4,4,4,4,4,2,3.25,4.38,4.0,3.33,4,1
273,75,1,7.0,7.0,5.0,5.0,7.0,6.0,5.0,5.0,5.0,6.0,6.0,7.0,7.0,6.0,7.0,5.0,6.0,7.0,5.0,6.0,4.0,5.905,6,6,7,6,7,6,6,7,6,5,7,7,3,4,4,4,4,6,6,6,6.25,6.38,3.8,6.0,5,1
274,46,2,7.0,6.0,5.0,7.0,5.0,6.0,6.0,6.0,7.0,6.0,7.0,6.0,7.0,5.0,6.0,7.0,7.0,6.0,7.0,7.0,7.0,6.333,6,6,6,7,6,7,7,7,7,7,6,6,2,4,4,3,3,7,6,6,6.25,6.62,3.2,6.33,6,1
275,40,2,7.0,7.0,7.0,7.0,7.0,6.0,5.0,5.0,5.0,5.0,5.0,5.0,5.0,5.0,6.0,3.0,6.0,5.0,6.0,6.0,6.0,5.667,6,5,5,5,5,5,5,5,6,5,5,5,5,5,3,7,4,5,5,4,5.25,5.12,4.8,4.67,4,1
276,61,1,6.0,6.0,5.0,7.0,7.0,6.0,6.0,7.0,7.0,5.0,6.0,5.0,6.0,6.0,6.0,6.0,5.0,7.0,6.0,5.0,6.0,6.0,5,4,4,4,5,4,5,5,4,5,6,4,3,4,4,5,4,6,5,5,4.25,4.75,4.0,5.33,3,1
277,44,2,6.0,7.0,6.0,5.0,5.0,3.0,5.0,5.0,4.0,5.0,6.0,5.0,4.0,3.0,4.0,6.0,5.0,5.0,4.0,4.0,3.0,4.762,4,4,5,6,5,4,5,4,4,3,5,5,5,4,4,6,6,5,6,6,4.75,4.38,5.0,5.67,2,1
278,40,2,6.0,6.0,7.0,5.0,6.0,6.0,5.0,5.0,6.0,7.0,6.0,7.0,6.0,5.0,5.0,7.0,7.0,7.0,4.0,6.0,4.0,5.857,7,7,7,7,6,7,7,7,7,6,6,7,7,7,7,6,7,7,7,6,7.0,6.62,6.8,6.67,4,1
279,49,1,5.0,6.0,4.0,6.0,5.0,6.0,4.0,5.0,6.0,5.0,5.0,7.0,5.0,5.0,6.0,6.0,7.0,5.0,5.0,5.0,4.0,5.333,6,6,5,6,6,6,6,6,7,6,6,5,5,5,6,6,6,5,5,4,5.75,6.0,5.6,4.67,4,1
280,55,2,5.0,3.0,4.0,4.0,5.0,5.0,4.0,3.0,4.0,5.0,5.0,3.0,4.0,5.0,5.0,4.0,4.0,4.0,5.0,5.0,4.0,4.286,3,4,5,4,6,5,5,6,5,6,5,6,2,2,3,4,3,5,4,4,4.0,5.5,2.8,4.33,5,0
281,55,1,5.0,6.0,6.0,5.0,6.0,6.0,7.0,6.0,6.0,5.0,6.0,5.0,6.0,6.0,6.0,5.0,6.0,6.0,5.0,5.0,5.0,5.667,4,5,5,5,6,6,7,7,6,6,6,5,4,3,3,4,3,6,5,4,4.75,6.12,3.4,5.0,4,1
282,31,2,6.0,6.0,5.0,5.0,5.0,7.0,6.0,6.0,7.0,4.0,6.0,5.0,7.0,7.0,7.0,5.0,6.0,6.0,7.0,6.0,6.0,5.952,5,6,5,4,5,7,6,6,6,6,5,4,5,4,4,5,4,5,5,5,5.0,5.62,4.4,5.0,4,1
283,45,1,5.0,3.0,4.0,4.0,3.0,5.0,2.0,4.0,4.0,3.0,4.0,3.0,4.0,3.0,3.0,2.0,2.0,3.0,3.0,2.0,2.0,3.238,4,4,4,4,4,4,4,5,5,4,4,3,5,4,5,5,4,5,5,4,4.0,4.12,4.6,4.67,3,1
284,63,2,4.0,4.0,5.0,3.0,3.0,3.0,3.0,3.0,4.0,3.0,2.0,5.0,4.0,3.0,3.0,2.0,4.0,3.0,3.0,3.0,2.0,3.286,3,5,3,4,4,3,5,4,2,3,5,3,4,4,4,4,4,4,5,2,3.75,3.62,4.0,3.67,4,1
285,28,2,5.0,6.0,6.0,5.0,5.0,5.0,5.0,5.0,4.0,5.0,5.0,6.0,2.0,4.0,4.0,5.0,4.0,6.0,4.0,6.0,5.0,4.857,4,6,5,6,7,7,5,6,6,6,6,7,6,7,7,6,7,7,4,5,5.25,6.25,6.6,5.33,4,1
286,31,1,6.0,6.0,4.0,5.0,5.0,4.0,7.0,5.0,5.0,5.0,6.0,6.0,6.0,4.0,4.0,5.0,5.0,5.0,3.0,3.0,6.0,5.0,5,5,6,5,5,6,5,6,5,6,5,5,4,6,5,5,4,7,5,6,5.25,5.38,4.8,6.0,3,1
287,45,2,6.0,6.0,6.0,5.0,5.0,4.0,6.0,5.0,6.0,5.0,4.0,6.0,4.0,4.0,5.0,5.0,5.0,6.0,4.0,5.0,5.0,5.095,7,6,6,5,4,5,4,4,4,4,4,4,3,4,4,4,5,6,6,6,6.0,4.12,4.0,6.0,6,1
288,43,1,4.0,4.0,6.0,5.0,6.0,5.0,5.0,5.0,6.0,6.0,6.0,7.0,6.0,7.0,6.0,4.0,4.0,4.0,5.0,6.0,4.0,5.286,6,5,6,6,5,4,6,5,5,6,5,3,4,5,5,6,5,3,2,4,5.75,4.88,5.0,3.0,6,1
289,47,1,3.0,4.0,3.0,6.0,4.0,4.0,4.0,1.0,3.0,5.0,6.0,5.0,5.0,4.0,5.0,2.0,3.0,3.0,3.0,4.0,3.0,3.81,3,4,4,4,5,4,6,5,5,3,4,5,3,4,4,3,4,5,6,6,3.75,4.62,3.6,5.67,4,1
290,55,2,4.0,3.0,3.0,5.0,3.0,4.0,4.0,4.0,4.0,5.0,4.0,4.0,5.0,6.0,5.0,6.0,5.0,5.0,4.0,4.0,3.0,4.286,4,5,5,5,4,4,4,4,4,5,4,5,4,5,5,5,6,2,3,3,4.75,4.25,5.0,2.67,2,1
291,43,2,5.0,7.0,7.0,6.0,5.0,7.0,4.0,6.0,5.0,6.0,5.0,7.0,6.0,6.0,7.0,5.0,6.0,3.0,6.0,5.0,6.0,5.714,6,4,6,5,5,5,5,5,5,5,6,6,6,5,5,6,5,4,4,3,5.25,5.25,5.4,3.67,4,0
292,52,2,6.0,6.0,5.0,5.0,6.0,3.0,7.0,6.0,7.0,7.0,7.0,7.0,4.0,6.0,5.0,5.0,7.0,7.0,3.0,5.0,5.0,5.667,4,5,3,4,4,6,7,5,4,5,6,6,3,1,2,2,3,4,5,5,4.0,5.38,2.2,4.67,5,1
293,57,2,7.0,6.0,5.0,7.0,7.0,7.0,6.0,7.0,6.0,6.0,5.0,6.0,6.0,6.0,6.0,5.0,5.0,7.0,7.0,7.0,5.0,6.143,5,5,5,5,5,7,6,7,6,5,6,6,4,3,5,4,4,5,6,6,5.0,6.0,4.0,5.67,4,1
294,26,2,6.0,4.0,5.0,5.0,4.0,3.0,5.0,4.0,4.0,3.0,3.0,5.0,4.0,4.0,5.0,4.0,2.0,4.0,4.0,2.0,3.0,3.952,5,4,4,4,5,5,4,5,5,5,5,6,6,5,4,4,6,2,3,3,4.25,5.0,5.0,2.67,1,1
295,60,2,5.0,5.0,5.0,6.0,5.0,4.0,6.0,6.0,6.0,5.0,6.0,7.0,6.0,5.0,7.0,5.0,4.0,5.0,6.0,5.0,6.0,5.476,6,6,4,4,7,7,7,7,6,7,6,7,7,7,7,7,6,4,4,4,5.0,6.75,6.8,4.0,3,1
296,36,1,7.0,6.0,7.0,6.0,6.0,5.0,5.0,5.0,5.0,5.0,6.0,4.0,6.0,4.0,5.0,6.0,7.0,5.0,6.0,4.0,5.0,5.476,5,6,5,6,5,3,5,3,5,5,5,5,7,6,6,5,6,5,5,4,5.5,4.5,6.0,4.67,7,1
297,58,1,5.0,5.0,4.0,5.0,5.0,4.0,5.0,5.0,4.0,5.0,3.0,5.0,5.0,3.0,4.0,4.0,5.0,4.0,3.0,4.0,5.0,4.381,2,4,3,4,5,5,5,6,4,6,5,5,6,6,5,6,5,3,2,4,3.25,5.12,5.6,3.0,4,0
298,22,1,5.0,5.0,6.0,7.0,7.0,7.0,7.0,6.0,6.0,7.0,5.0,7.0,5.0,5.0,5.0,6.0,6.0,6.0,6.0,4.0,5.0,5.857,6,6,6,5,5,4,6,5,5,5,4,4,6,5,5,6,5,6,6,4,5.75,4.75,5.4,5.33,7,1
299,44,1,6.0,6.0,7.0,5.0,7.0,7.0,7.0,7.0,7.0,7.0,6.0,6.0,6.0,6.0,5.0,7.0,7.0,6.0,5.0,6.0,6.0,6.286,6,7,7,6,6,7,5,5,5,6,5,6,6,5,5,7,6,7,7,7,6.5,5.62,5.8,7.0,6,1
300,56,1,6.0,7.0,7.0,5.0,4.0,4.0,6.0,7.0,6.0,7.0,5.0,6.0,5.0,7.0,4.0,6.0,4.0,6.0,5.0,6.0,5.0,5.619,6,6,6,5,7,7,7,5,5,7,5,7,5,6,6,6,6,4,6,5,5.75,6.25,5.8,5.0,5,1
301,41,1,5.0,6.0,6.0,6.0,6.0,7.0,5.0,5.0,5.0,7.0,7.0,7.0,6.0,7.0,6.0,3.0,4.0,6.0,4.0,5.0,5.0,5.619,3,5,4,4,4,6,5,6,5,5,5,5,6,5,5,6,6,7,6,7,4.0,5.12,5.6,6.67,5,1
302,23,1,5.0,7.0,6.0,7.0,6.0,7.0,7.0,5.0,6.0,4.0,6.0,5.0,5.0,6.0,5.0,7.0,7.0,7.0,5.0,5.0,5.0,5.857,6,5,6,5,6,5,7,6,7,7,7,7,7,7,6,7,6,7,5,5,5.5,6.5,6.6,5.67,4,1
303,67,2,6.0,5.0,6.0,5.0,6.0,3.0,6.0,6.0,5.0,5.0,4.0,7.0,5.0,6.0,5.0,5.0,6.0,5.0,4.0,3.0,4.0,5.095,4,5,5,6,5,6,6,6,5,6,5,6,7,7,7,7,7,5,5,5,5.0,5.62,7.0,5.0,7,1
304,46,2,7.0,6.0,6.0,6.0,4.0,5.0,5.0,7.0,6.0,7.0,7.0,7.0,6.0,5.0,6.0,6.0,6.0,7.0,5.0,5.0,6.0,5.952,5,5,6,6,4,4,6,4,6,6,6,6,4,4,5,3,6,4,5,4,5.5,5.25,4.4,4.33,7,1
305,27,2,3.0,4.0,3.0,6.0,2.0,2.0,3.0,4.0,3.0,4.0,3.0,4.0,4.0,4.0,4.0,4.0,5.0,3.0,3.0,4.0,5.0,3.667,4,3,3,3,5,5,6,4,6,4,5,5,4,4,3,3,4,5,4,5,3.25,5.0,3.6,4.67,4,1
306,44,2,7.0,7.0,7.0,6.0,5.0,6.0,6.0,6.0,5.0,6.0,7.0,4.0,5.0,6.0,6.0,7.0,6.0,7.0,5.0,4.0,4.0,5.81,7,7,7,7,5,7,7,7,6,7,6,7,7,7,6,6,7,7,7,6,7.0,6.5,6.6,6.67,3,1
307,41,2,4.0,4.0,5.0,5.0,4.0,5.0,6.0,6.0,7.0,6.0,5.0,5.0,6.0,6.0,6.0,5.0,7.0,5.0,6.0,6.0,5.0,5.429,5,5,5,5,5,5,4,4,5,6,4,5,5,5,4,6,5,5,5,4,5.0,4.75,5.0,4.67,4,1
308,23,1,3.0,3.0,4.0,5.0,4.0,4.0,4.0,4.0,4.0,5.0,5.0,5.0,6.0,5.0,7.0,6.0,6.0,6.0,4.0,4.0,4.0,4.667,2,3,3,3,4,4,5,5,4,4,4,4,3,4,2,3,4,4,4,3,2.75,4.25,3.2,3.67,7,1
309,33,2,5.0,5.0,4.0,5.0,4.0,4.0,4.0,4.0,3.0,6.0,7.0,4.0,7.0,6.0,6.0,5.0,6.0,6.0,3.0,5.0,3.0,4.857,4,5,5,4,6,6,6,6,5,5,6,6,4,3,4,5,5,4,4,4,4.5,5.75,4.2,4.0,5,1
310,51,1,4.0,4.0,4.0,4.0,3.0,3.0,3.0,4.0,3.0,2.0,4.0,3.0,4.0,3.0,2.0,3.0,3.0,3.0,4.0,2.0,2.0,3.19,3,3,3,5,5,4,5,5,4,4,4,4,4,4,5,4,5,5,5,6,3.5,4.38,4.4,5.33,4,1
311,44,1,6.0,6.0,7.0,5.0,5.0,6.0,6.0,6.0,4.0,6.0,6.0,5.0,6.0,5.0,7.0,4.0,4.0,5.0,5.0,3.0,4.0,5.286,5,4,5,4,5,6,5,6,5,6,6,5,4,4,4,4,4,7,6,6,4.5,5.5,4.0,6.33,6,1
312,56,2,6.0,6.0,5.0,5.0,4.0,4.0,3.0,3.0,5.0,7.0,6.0,6.0,5.0,6.0,5.0,5.0,6.0,4.0,4.0,5.0,5.0,5.0,6,6,6,6,7,7,7,7,7,7,7,7,6,7,6,6,5,6,7,6,6.0,7.0,6.0,6.33,6,1
313,61,2,4.0,5.0,4.0,5.0,4.0,5.0,6.0,4.0,5.0,5.0,6.0,5.0,7.0,6.0,6.0,7.0,5.0,5.0,3.0,3.0,3.0,4.905,6,6,6,5,6,6,5,5,6,7,7,5,7,7,7,6,7,4,6,5,5.75,5.88,6.8,5.0,5,1
314,44,2,4.0,5.0,5.0,5.0,5.0,4.0,4.0,3.0,4.0,6.0,6.0,5.0,5.0,5.0,3.0,4.0,4.0,4.0,6.0,6.0,5.0,4.667,4,4,4,4,5,5,4,4,4,5,4,3,7,7,5,5,5,4,3,3,4.0,4.25,5.8,3.33,6,1
315,47,2,5.0,7.0,7.0,7.0,7.0,7.0,7.0,7.0,7.0,4.0,6.0,6.0,6.0,7.0,6.0,7.0,6.0,6.0,6.0,6.0,6.0,6.333,7,7,7,5,6,5,5,5,6,5,5,6,6,6,7,6,7,6,5,4,6.5,5.38,6.4,5.0,5,1
316,41,2,5.0,7.0,7.0,5.0,5.0,4.0,5.0,5.0,5.0,5.0,5.0,6.0,6.0,5.0,5.0,4.0,4.0,5.0,5.0,4.0,3.0,5.0,6,5,6,5,4,4,6,4,3,4,4,4,6,6,4,6,6,4,4,2,5.5,4.12,5.6,3.33,3,1
317,46,1,5.0,7.0,6.0,5.0,7.0,5.0,7.0,7.0,7.0,5.0,6.0,5.0,6.0,5.0,6.0,4.0,4.0,5.0,5.0,5.0,5.0,5.571,7,7,6,6,6,5,6,6,7,6,5,5,6,6,6,5,6,6,6,6,6.5,5.75,5.8,6.0,5,1
318,25,2,7.0,6.0,7.0,5.0,6.0,6.0,5.0,6.0,6.0,5.0,7.0,7.0,7.0,6.0,7.0,5.0,6.0,5.0,6.0,6.0,6.0,6.048,7,7,7,7,6,6,7,7,6,6,6,5,3,5,4,4,4,3,2,5,7.0,6.12,4.0,3.33,6,1
319,58,2,7.0,6.0,6.0,7.0,7.0,6.0,7.0,6.0,7.0,6.0,7.0,4.0,7.0,7.0,7.0,5.0,4.0,5.0,6.0,7.0,5.0,6.143,6,6,5,6,6,6,6,6,6,7,6,6,6,7,7,7,6,5,6,6,5.75,6.12,6.6,5.67,6,1
320,51,1,7.0,7.0,7.0,6.0,5.0,5.0,7.0,5.0,7.0,4.0,7.0,6.0,5.0,7.0,6.0,6.0,7.0,6.0,6.0,5.0,5.0,6.0,7,7,7,7,7,6,7,6,7,7,7,6,6,5,5,5,4,6,5,6,7.0,6.62,5.0,5.67,6,1
321,31,2,2.0,2.0,3.0,4.0,3.0,5.0,5.0,5.0,5.0,5.0,3.0,4.0,5.0,5.0,3.0,5.0,2.0,5.0,3.0,3.0,3.0,3.81,4,4,5,4,5,5,6,5,5,7,4,6,3,4,4,4,4,7,7,7,4.25,5.38,3.8,7.0,3,1
322,40,2,6.0,5.0,5.0,3.0,4.0,4.0,4.0,5.0,5.0,5.0,7.0,7.0,4.0,6.0,6.0,6.0,6.0,6.0,7.0,4.0,5.0,5.238,6,7,6,6,6,6,7,7,5,7,6,6,6,6,6,7,7,5,4,4,6.25,6.25,6.4,4.33,3,1
323,39,2,6.0,6.0,6.0,5.0,5.0,6.0,7.0,6.0,5.0,7.0,5.0,6.0,5.0,7.0,7.0,7.0,7.0,7.0,7.0,5.0,7.0,6.143,6,5,7,6,5,5,5,5,5,4,4,6,5,4,4,6,4,3,6,5,6.0,4.88,4.6,4.67,5,1
324,49,1,5.0,4.0,6.0,4.0,2.0,5.0,4.0,5.0,5.0,3.0,4.0,3.0,6.0,6.0,4.0,6.0,6.0,6.0,4.0,3.0,3.0,4.476,6,7,7,6,7,6,7,6,6,6,7,7,7,5,5,7,6,6,7,7,6.5,6.5,6.0,6.67,3,1
325,58,1,6.0,6.0,6.0,4.0,4.0,6.0,4.0,5.0,4.0,6.0,4.0,6.0,5.0,4.0,5.0,6.0,4.0,5.0,6.0,4.0,5.0,5.0,6,5,5,6,5,5,4,5,5,5,6,5,3,3,3,4,4,5,5,4,5.5,5.0,3.4,4.67,5,1
326,50,2,6.0,5.0,5.0,4.0,5.0,5.0,5.0,5.0,5.0,4.0,4.0,4.0,5.0,3.0,4.0,5.0,4.0,5.0,4.0,4.0,4.0,4.524,5,4,5,5,6,4,5,5,4,4,4,6,5,5,7,6,6,6,4,6,4.75,4.75,5.8,5.33,6,1
327,68,1,6.0,6.0,4.0,3.0,4.0,4.0,6.0,7.0,7.0,5.0,4.0,5.0,5.0,5.0,5.0,6.0,5.0,5.0,6.0,5.0,5.0,5.143,5,5,4,5,6,5,6,5,6,6,6,7,4,6,6,4,7,5,5,5,4.75,5.88,5.4,5.0,4,1
328,46,1,3.0,4.0,5.0,4.0,5.0,4.0,4.0,4.0,5.0,3.0,5.0,5.0,6.0,6.0,6.0,7.0,6.0,5.0,4.0,5.0,5.0,4.81,4,4,4,5,5,5,5,5,4,5,5,5,4,5,3,4,4,5,5,4,4.25,4.88,4.0,4.67,6,1
329,57,1,6.0,5.0,4.0,7.0,5.0,6.0,5.0,5.0,3.0,6.0,5.0,6.0,6.0,5.0,5.0,5.0,6.0,4.0,4.0,5.0,5.0,5.143,6,6,7,6,6,6,4,5,5,7,6,6,5,3,4,6,5,7,7,6,6.25,5.62,4.6,6.67,4,1
330,58,2,5.0,5.0,5.0,6.0,4.0,6.0,6.0,6.0,6.0,5.0,5.0,6.0,7.0,5.0,6.0,7.0,7.0,7.0,6.0,6.0,5.0,5.762,5,6,4,5,5,5,5,5,6,4,5,6,4,4,4,3,3,7,7,7,5.0,5.12,3.6,7.0,4,1
331,37,1,6.0,6.0,5.0,3.0,6.0,5.0,4.0,4.0,4.0,5.0,5.0,6.0,4.0,6.0,4.0,3.0,4.0,5.0,4.0,3.0,4.0,4.571,6,6,6,7,7,5,6,7,5,5,6,5,3,3,4,5,3,6,5,4,6.25,5.75,3.6,5.0,5,1
332,59,1,4.0,3.0,1.0,4.0,5.0,5.0,3.0,2.0,2.0,6.0,4.0,6.0,3.0,2.0,4.0,3.0,4.0,4.0,4.0,4.0,3.0,3.619,4,3,3,3,7,7,6,6,6,6,7,5,3,5,4,2,3,4,4,4,3.25,6.25,3.4,4.0,5,0
333,27,2,7.0,5.0,5.0,5.0,5.0,6.0,5.0,6.0,5.0,7.0,5.0,4.0,5.0,7.0,5.0,6.0,5.0,5.0,5.0,4.0,6.0,5.381,7,6,5,5,6,5,7,6,6,6,5,6,4,6,4,5,5,7,6,6,5.75,5.88,4.8,6.33,6,1
334,48,1,6.0,7.0,7.0,7.0,5.0,6.0,5.0,4.0,4.0,6.0,5.0,7.0,4.0,4.0,7.0,7.0,7.0,5.0,5.0,5.0,4.0,5.571,6,5,5,6,5,5,6,5,5,5,6,5,6,5,4,5,5,6,6,7,5.5,5.25,5.0,6.33,5,1
335,59,2,5.0,5.0,6.0,5.0,4.0,5.0,4.0,4.0,4.0,4.0,6.0,6.0,7.0,5.0,5.0,4.0,4.0,4.0,5.0,6.0,4.0,4.857,5,5,5,4,5,4,6,5,5,6,6,6,4,4,4,2,3,5,5,2,4.75,5.38,3.4,4.0,5,1
336,32,2,4.0,4.0,3.0,4.0,3.0,3.0,3.0,4.0,4.0,6.0,5.0,6.0,5.0,4.0,6.0,4.0,4.0,3.0,3.0,3.0,3.0,4.0,3,2,3,3,4,4,3,5,3,4,3,5,5,3,3,4,3,7,4,4,2.75,3.88,3.6,5.0,4,1
337,52,2,6.0,4.0,5.0,7.0,7.0,6.0,4.0,5.0,4.0,6.0,6.0,7.0,6.0,6.0,6.0,6.0,7.0,6.0,5.0,5.0,6.0,5.714,4,4,3,4,6,4,5,5,4,5,4,4,4,3,4,5,5,4,4,4,3.75,4.62,4.2,4.0,5,1
338,52,1,5.0,6.0,5.0,6.0,6.0,5.0,5.0,4.0,3.0,5.0,4.0,5.0,4.0,3.0,4.0,4.0,4.0,5.0,4.0,5.0,4.0,4.571,3,3,3,2,5,5,5,6,5,4,6,5,5,5,5,6,6,3,4,4,2.75,5.12,5.4,3.67,4,1
339,23,2,4.0,3.0,5.0,3.0,3.0,3.0,2.0,2.0,3.0,4.0,4.0,4.0,4.0,5.0,4.0,6.0,2.0,3.0,4.0,3.0,4.0,3.571,3,4,4,4,7,5,4,6,4,6,5,5,4,5,4,5,3,4,5,5,3.75,5.25,4.2,4.67,2,1
340,42,1,6.0,6.0,6.0,4.0,5.0,6.0,6.0,6.0,6.0,5.0,7.0,6.0,6.0,6.0,7.0,7.0,6.0,6.0,6.0,5.0,6.0,5.905,6,7,7,7,5,6,6,4,4,6,6,6,5,5,6,4,6,5,6,4,6.75,5.38,5.2,5.0,5,1
341,39,2,6.0,7.0,6.0,7.0,7.0,6.0,5.0,6.0,6.0,6.0,6.0,7.0,5.0,7.0,6.0,7.0,7.0,7.0,7.0,7.0,7.0,6.429,5,6,4,5,5,6,4,5,6,7,6,5,4,4,4,2,3,4,6,6,5.0,5.5,3.4,5.33,5,1
342,42,2,6.0,5.0,5.0,7.0,7.0,5.0,6.0,6.0,6.0,4.0,7.0,5.0,7.0,5.0,3.0,7.0,6.0,7.0,4.0,5.0,5.0,5.619,6,6,6,7,6,5,4,5,5,6,6,6,4,4,4,4,4,4,5,6,6.25,5.38,4.0,5.0,4,1
343,45,2,7.0,6.0,7.0,5.0,5.0,4.0,6.0,7.0,6.0,5.0,7.0,6.0,7.0,6.0,7.0,7.0,7.0,7.0,6.0,7.0,5.0,6.19,3,4,4,3,4,6,4,5,6,6,5,7,6,5,6,6,5,6,5,7,3.5,5.38,5.6,6.0,5,1
344,33,2,4.0,5.0,4.0,5.0,4.0,4.0,3.0,4.0,3.0,5.0,4.0,4.0,4.0,4.0,3.0,5.0,5.0,4.0,6.0,6.0,6.0,4.381,5,5,5,4,4,6,5,6,6,6,6,6,5,4,5,5,3,5,5,6,4.75,5.62,4.4,5.33,4,1
345,51,2,3.0,4.0,3.0,5.0,4.0,4.0,4.0,3.0,5.0,6.0,7.0,5.0,7.0,3.0,4.0,3.0,2.0,5.0,3.0,4.0,2.0,4.095,5,4,4,4,3,5,5,4,5,4,4,3,4,3,5,6,4,3,4,4,4.25,4.12,4.4,3.67,1,1
346,60,3,6.0,4.0,4.0,3.0,4.0,4.0,4.0,3.0,3.0,4.0,5.0,4.0,1.0,2.0,1.0,3.0,4.0,4.0,3.0,3.0,3.0,3.429,2,3,3,4,4,3,5,3,3,2,2,3,5,3,3,4,4,4,3,5,3.0,3.12,3.8,4.0,4,1
347,60,2,7.0,5.0,5.0,5.0,4.0,3.0,6.0,7.0,6.0,7.0,6.0,5.0,5.0,3.0,5.0,6.0,6.0,5.0,5.0,6.0,5.0,5.333,5,4,6,4,5,5,4,6,4,5,5,5,4,6,6,4,5,3,3,4,4.75,4.88,5.0,3.33,5,1
348,32,2,6.0,6.0,6.0,4.0,6.0,5.0,7.0,7.0,5.0,7.0,6.0,5.0,7.0,7.0,7.0,7.0,6.0,6.0,6.0,6.0,7.0,6.143,7,6,7,6,6,6,7,6,7,6,6,7,3,5,5,4,4,5,6,6,6.5,6.38,4.2,5.67,3,1
349,50,1,3.0,4.0,4.0,5.0,6.0,4.0,6.0,5.0,5.0,3.0,4.0,4.0,4.0,5.0,5.0,4.0,5.0,4.0,3.0,3.0,3.0,4.238,4,4,5,3,4,6,5,4,4,4,4,5,3,4,4,4,4,5,5,7,4.0,4.5,3.8,5.67,5,1
350,40,1,6.0,6.0,6.0,6.0,5.0,5.0,6.0,6.0,6.0,5.0,6.0,7.0,6.0,7.0,7.0,5.0,5.0,4.0,7.0,5.0,4.0,5.714,5,5,4,5,6,4,5,5,4,5,5,4,4,5,3,5,4,6,7,7,4.75,4.75,4.2,6.67,5,1
351,25,1,6.0,7.0,6.0,6.0,6.0,6.0,7.0,6.0,7.0,5.0,6.0,5.0,5.0,5.0,6.0,6.0,6.0,6.0,6.0,6.0,5.0,5.905,7,7,7,7,5,5,6,3,4,4,5,5,6,5,7,5,6,6,5,5,7.0,4.62,5.8,5.33,5,1
352,51,2,3.0,4.0,3.0,3.0,4.0,4.0,5.0,5.0,5.0,6.0,5.0,4.0,4.0,5.0,5.0,3.0,4.0,4.0,4.0,3.0,2.0,4.048,5,5,5,5,4,5,7,5,5,5,5,4,4,3,3,3,3,3,4,3,5.0,5.0,3.2,3.33,5,1
353,34,2,4.0,5.0,5.0,3.0,2.0,4.0,5.0,6.0,7.0,5.0,6.0,4.0,5.0,4.0,3.0,5.0,5.0,5.0,5.0,6.0,5.0,4.714,5,6,5,5,6,6,6,7,6,6,7,6,6,5,4,4,5,4,4,5,5.25,6.25,4.8,4.33,3,1
354,31,2,6.0,6.0,7.0,5.0,6.0,5.0,4.0,4.0,4.0,6.0,7.0,7.0,5.0,5.0,7.0,5.0,4.0,5.0,5.0,7.0,6.0,5.524,6,7,6,6,5,6,5,5,6,7,4,6,6,6,7,5,6,5,5,6,6.25,5.5,6.0,5.33,5,1
355,40,2,5.0,4.0,4.0,4.0,3.0,5.0,5.0,6.0,5.0,5.0,4.0,6.0,6.0,6.0,6.0,4.0,5.0,5.0,4.0,3.0,3.0,4.667,5,4,4,5,5,4,5,5,5,5,5,3,6,6,6,4,6,4,4,5,4.5,4.62,5.6,4.33,5,1
356,56,1,4.0,4.0,5.0,5.0,6.0,4.0,5.0,5.0,4.0,6.0,5.0,6.0,4.0,4.0,4.0,5.0,6.0,5.0,5.0,5.0,5.0,4.857,3,3,4,5,6,6,5,6,5,6,6,6,4,4,2,4,4,4,4,5,3.75,5.75,3.6,4.33,2,1
357,52,1,4.0,3.0,2.0,4.0,5.0,5.0,6.0,4.0,5.0,4.0,5.0,4.0,4.0,3.0,4.0,4.0,4.0,4.0,2.0,2.0,1.0,3.762,4,4,3,5,3,5,5,5,5,6,5,6,4,6,4,4,3,5,5,5,4.0,5.0,4.2,5.0,3,1
358,38,2,5.0,5.0,6.0,5.0,7.0,4.0,6.0,5.0,5.0,7.0,7.0,6.0,4.0,4.0,4.0,5.0,6.0,6.0,6.0,5.0,6.0,5.429,6,7,6,6,5,4,4,4,5,6,5,6,6,6,6,5,5,4,3,4,6.25,4.88,5.6,3.67,5,1
359,45,1,3.0,4.0,3.0,4.0,4.0,3.0,4.0,5.0,3.0,4.0,5.0,3.0,3.0,4.0,4.0,5.0,4.0,4.0,4.0,4.0,3.0,3.81,4,2,4,4,4,4,5,5,4,5,6,4,3,3,2,3,2,2,1,2,3.5,4.62,2.6,1.67,5,1
360,67,2,4.0,2.0,2.0,6.0,5.0,3.0,3.0,2.0,1.0,5.0,5.0,3.0,2.0,3.0,3.0,2.0,2.0,1.0,3.0,3.0,2.0,2.952,2,3,4,1,5,4,5,4,5,4,4,4,4,2,5,2,4,2,4,3,2.5,4.38,3.4,3.0,1,1
361,34,2,4.0,6.0,5.0,5.0,5.0,5.0,6.0,6.0,6.0,6.0,5.0,6.0,5.0,4.0,4.0,5.0,3.0,5.0,5.0,4.0,4.0,4.952,5,5,4,5,4,4,4,4,4,4,4,4,3,5,4,6,4,7,6,7,4.75,4.0,4.4,6.67,7,1
362,60,2,6.0,6.0,5.0,7.0,5.0,5.0,5.0,5.0,6.0,6.0,4.0,5.0,4.0,5.0,6.0,6.0,4.0,6.0,6.0,3.0,5.0,5.238,7,6,6,6,6,6,5,6,7,6,7,7,6,5,5,5,5,4,5,5,6.25,6.25,5.2,4.67,6,1
363,53,1,7.0,6.0,6.0,3.0,4.0,3.0,5.0,3.0,2.0,4.0,4.0,4.0,5.0,5.0,5.0,4.0,3.0,4.0,5.0,4.0,5.0,4.333,6,6,7,6,6,5,5,5,4,4,4,5,7,5,6,5,7,5,4,5,6.25,4.75,6.0,4.67,5,1
364,23,1,4.0,5.0,5.0,6.0,6.0,6.0,5.0,7.0,5.0,7.0,7.0,5.0,7.0,6.0,5.0,6.0,6.0,7.0,4.0,5.0,6.0,5.714,7,6,6,5,6,5,5,5,4,3,3,5,7,5,7,5,6,6,5,5,6.0,4.5,6.0,5.33,5,1
365,36,1,5.0,4.0,6.0,6.0,7.0,7.0,6.0,5.0,5.0,6.0,5.0,5.0,6.0,6.0,5.0,7.0,6.0,6.0,6.0,5.0,6.0,5.714,6,7,6,7,6,6,7,6,7,7,7,6,5,4,4,5,4,2,4,3,6.5,6.5,4.4,3.0,7,1
366,51,2,5.0,6.0,4.0,3.0,4.0,4.0,7.0,6.0,7.0,6.0,5.0,4.0,4.0,5.0,6.0,5.0,6.0,6.0,5.0,5.0,6.0,5.19,6,5,6,6,7,6,7,7,6,6,6,6,5,5,3,4,4,5,5,4,5.75,6.38,4.2,4.67,5,1
367,40,2,3.0,3.0,4.0,4.0,5.0,4.0,5.0,4.0,4.0,5.0,5.0,4.0,6.0,6.0,5.0,4.0,5.0,6.0,4.0,4.0,3.0,4.429,5,4,4,5,4,5,5,5,5,4,4,4,5,4,4,4,4,6,5,5,4.5,4.5,4.2,5.33,5,1
368,35,2,3.0,3.0,3.0,4.0,5.0,5.0,5.0,3.0,3.0,5.0,4.0,5.0,4.0,5.0,5.0,5.0,4.0,3.0,3.0,4.0,3.0,4.0,3,3,2,3,6,5,5,5,6,5,5,6,3,5,4,3,4,3,3,3,2.75,5.38,3.8,3.0,5,1
369,32,2,5.0,5.0,5.0,4.0,3.0,3.0,4.0,3.0,5.0,3.0,5.0,4.0,5.0,3.0,3.0,4.0,7.0,5.0,5.0,5.0,5.0,4.333,6,6,6,6,6,5,5,7,6,7,6,5,3,3,5,4,4,4,4,6,6.0,5.88,3.8,4.67,1,1
370,39,1,5.0,7.0,4.0,6.0,6.0,5.0,5.0,6.0,7.0,6.0,6.0,7.0,7.0,6.0,7.0,5.0,6.0,6.0,5.0,5.0,6.0,5.857,6,6,6,6,6,6,5,5,7,6,6,6,6,5,6,4,6,6,5,6,6.0,5.88,5.4,5.67,4,1
371,27,2,6.0,7.0,7.0,5.0,5.0,5.0,7.0,6.0,7.0,7.0,5.0,7.0,7.0,7.0,7.0,5.0,5.0,5.0,7.0,7.0,7.0,6.238,7,7,7,7,7,6,7,7,6,6,6,6,7,7,6,6,7,6,7,6,7.0,6.38,6.6,6.33,7,1
372,48,1,6.0,5.0,6.0,6.0,3.0,6.0,6.0,6.0,4.0,6.0,7.0,4.0,4.0,4.0,5.0,6.0,5.0,4.0,7.0,6.0,6.0,5.333,7,6,7,7,7,7,7,7,7,7,7,7,6,5,5,6,6,6,6,5,6.75,7.0,5.6,5.67,6,1
373,45,2,7.0,7.0,6.0,7.0,5.0,5.0,7.0,7.0,7.0,7.0,6.0,6.0,7.0,6.0,5.0,6.0,7.0,6.0,6.0,5.0,5.0,6.19,6,6,6,7,5,4,5,6,5,5,5,6,3,3,3,3,1,6,7,6,6.25,5.12,2.6,6.33,6,1
374,39,2,3.0,4.0,4.0,5.0,5.0,5.0,6.0,4.0,4.0,3.0,3.0,2.0,4.0,5.0,4.0,5.0,5.0,5.0,4.0,3.0,5.0,4.19,5,5,5,4,6,5,6,5,6,4,4,6,3,3,5,4,4,5,5,6,4.75,5.25,3.8,5.33,5,1
375,26,1,6.0,6.0,4.0,6.0,7.0,6.0,5.0,7.0,6.0,6.0,6.0,7.0,4.0,5.0,6.0,7.0,7.0,7.0,7.0,7.0,7.0,6.143,6,6,6,7,5,4,4,3,5,4,4,6,5,5,4,5,6,6,4,4,6.25,4.38,5.0,4.67,5,1
376,36,2,2.0,4.0,2.0,5.0,5.0,3.0,5.0,5.0,5.0,5.0,5.0,5.0,3.0,5.0,3.0,5.0,5.0,5.0,4.0,3.0,4.0,4.19,5,4,5,5,5,5,4,4,5,5,5,4,2,2,2,4,2,5,6,5,4.75,4.62,2.4,5.33,6,1
377,48,2,7.0,6.0,7.0,5.0,4.0,6.0,5.0,7.0,5.0,6.0,6.0,6.0,6.0,5.0,7.0,6.0,5.0,6.0,4.0,5.0,5.0,5.667,4,5,4,4,6,4,5,5,6,5,7,6,3,3,3,4,5,7,5,4,4.25,5.5,3.6,5.33,5,1
378,43,1,5.0,5.0,5.0,5.0,4.0,6.0,5.0,5.0,5.0,6.0,7.0,5.0,5.0,5.0,6.0,3.0,3.0,4.0,4.0,5.0,6.0,4.952,4,4,5,4,4,5,7,4,5,5,5,4,4,4,4,4,4,2,4,4,4.25,4.88,4.0,3.33,5,0
379,44,1,7.0,6.0,6.0,5.0,7.0,6.0,6.0,5.0,5.0,4.0,7.0,7.0,7.0,6.0,7.0,3.0,4.0,5.0,5.0,5.0,4.0,5.571,6,6,6,5,6,4,7,5,5,5,6,5,5,5,7,4,5,4,4,6,5.75,5.38,5.2,4.67,4,1
380,33,2,4.0,3.0,3.0,4.0,5.0,4.0,6.0,6.0,6.0,5.0,2.0,5.0,5.0,5.0,6.0,4.0,4.0,2.0,4.0,3.0,4.0,4.286,4,3,3,3,5,5,5,4,5,5,5,6,5,5,5,5,5,3,5,5,3.25,5.0,5.0,4.33,4,1
381,40,1,4.0,4.0,4.0,5.0,6.0,4.0,5.0,4.0,5.0,5.0,5.0,3.0,5.0,6.0,7.0,6.0,6.0,7.0,5.0,5.0,5.0,5.048,4,4,3,4,7,6,7,6,6,5,6,6,3,4,5,4,7,5,5,5,3.75,6.12,4.6,5.0,3,1
382,41,2,6.0,5.0,6.0,7.0,5.0,6.0,7.0,7.0,7.0,7.0,4.0,6.0,6.0,6.0,6.0,6.0,5.0,6.0,5.0,6.0,5.0,5.905,7,7,7,5,6,5,6,6,6,6,6,6,6,5,5,5,5,4,6,5,6.5,5.88,5.2,5.0,6,1
383,46,2,5.0,5.0,5.0,3.0,4.0,3.0,5.0,6.0,6.0,4.0,5.0,6.0,6.0,6.0,5.0,5.0,6.0,5.0,5.0,5.0,5.0,5.0,3,3,3,4,6,6,5,7,6,5,5,6,1,1,1,1,2,2,3,5,3.25,5.75,1.2,3.33,4,1
384,51,2,7.0,5.0,6.0,5.0,5.0,5.0,6.0,7.0,7.0,6.0,4.0,6.0,7.0,7.0,7.0,5.0,6.0,5.0,6.0,6.0,5.0,5.857,7,6,6,7,7,7,7,7,7,6,7,7,6,5,5,6,5,7,7,6,6.5,6.88,5.4,6.67,6,1
385,41,2,6.0,6.0,5.0,5.0,6.0,5.0,6.0,6.0,6.0,6.0,6.0,5.0,6.0,7.0,6.0,7.0,5.0,7.0,5.0,6.0,5.0,5.81,6,6,5,5,5,6,6,5,6,7,6,6,5,5,5,4,5,6,5,6,5.5,5.88,4.8,5.67,4,1
386,49,1,4.0,4.0,4.0,4.0,5.0,5.0,3.0,2.0,3.0,3.0,3.0,3.0,2.0,3.0,3.0,5.0,4.0,5.0,3.0,3.0,3.0,3.524,3,2,4,1,6,6,7,6,5,5,6,6,5,4,4,4,3,6,5,7,2.5,5.88,4.0,6.0,6,1
387,36,2,3.0,4.0,5.0,5.0,4.0,5.0,3.0,3.0,3.0,6.0,6.0,5.0,5.0,4.0,5.0,5.0,4.0,2.0,3.0,3.0,3.0,4.095,6,4,5,5,5,3,4,4,5,4,5,5,5,5,4,5,3,4,5,6,5.0,4.38,4.4,5.0,6,1
388,32,1,5.0,4.0,5.0,5.0,5.0,5.0,6.0,5.0,7.0,4.0,6.0,5.0,4.0,5.0,4.0,5.0,6.0,5.0,4.0,4.0,4.0,4.905,5,5,5,5,4,4,5,4,5,5,5,4,5,5,5,5,4,6,7,7,5.0,4.5,4.8,6.67,3,1
389,75,1,5.0,4.0,6.0,5.0,5.0,4.0,4.0,4.0,6.0,7.0,5.0,6.0,6.0,6.0,7.0,6.0,6.0,7.0,7.0,5.0,6.0,5.571,6,7,5,6,6,6,6,6,5,5,7,7,4,4,6,6,4,3,1,4,6.0,6.0,4.8,2.67,6,1
390,69,2,4.0,5.0,4.0,4.0,5.0,3.0,3.0,4.0,3.0,6.0,5.0,6.0,4.0,4.0,5.0,5.0,5.0,5.0,4.0,4.0,3.0,4.333,5,5,5,5,7,7,7,7,7,6,7,7,6,6,6,7,5,5,3,3,5.0,6.88,6.0,3.67,5,1
391,66,1,6.0,7.0,7.0,5.0,5.0,6.0,5.0,7.0,6.0,7.0,7.0,7.0,5.0,5.0,4.0,5.0,5.0,5.0,4.0,5.0,5.0,5.619,7,5,5,6,4,6,6,5,5,4,6,5,5,5,6,6,5,6,5,6,5.75,5.12,5.4,5.67,6,1
392,39,2,7.0,7.0,7.0,7.0,7.0,7.0,7.0,6.0,6.0,7.0,7.0,6.0,7.0,6.0,6.0,7.0,7.0,7.0,6.0,6.0,7.0,6.667,7,7,7,7,7,6,7,6,7,7,7,7,5,6,6,7,6,6,6,7,7.0,6.75,6.0,6.33,6,1
393,50,2,6.0,5.0,5.0,6.0,4.0,6.0,5.0,6.0,5.0,7.0,7.0,7.0,6.0,6.0,6.0,6.0,7.0,5.0,5.0,4.0,5.0,5.667,7,6,4,7,7,7,6,7,6,5,6,5,6,4,6,5,4,5,6,6,6.0,6.12,5.0,5.67,6,1
394,49,1,6.0,5.0,5.0,5.0,5.0,4.0,5.0,5.0,4.0,7.0,6.0,7.0,5.0,3.0,4.0,7.0,5.0,6.0,4.0,5.0,6.0,5.19,7,4,4,5,5,5,4,3,4,4,5,4,5,3,4,7,7,7,7,5,5.0,4.25,5.2,6.33,4,1
395,28,1,5.0,4.0,4.0,6.0,6.0,4.0,4.0,3.0,4.0,5.0,5.0,6.0,6.0,5.0,3.0,5.0,6.0,6.0,5.0,4.0,5.0,4.81,4,5,5,5,5,4,3,3,5,5,5,5,5,5,6,6,6,4,3,4,4.75,4.38,5.6,3.67,4,1
396,38,2,3.0,1.0,3.0,4.0,4.0,6.0,2.0,3.0,2.0,2.0,3.0,3.0,3.0,1.0,4.0,5.0,4.0,5.0,4.0,4.0,5.0,3.381,6,5,6,5,3,5,5,4,4,5,3,4,6,6,6,7,6,5,4,6,5.5,4.12,6.2,5.0,3,1
397,56,1,7.0,7.0,5.0,6.0,7.0,7.0,6.0,4.0,5.0,5.0,7.0,6.0,6.0,7.0,5.0,6.0,4.0,4.0,5.0,5.0,5.0,5.667,7,6,5,6,5,6,6,5,6,6,6,6,6,5,6,7,6,5,5,5,6.0,5.75,6.0,5.0,4,1
398,62,2,5.0,4.0,3.0,4.0,2.0,4.0,5.0,4.0,2.0,4.0,5.0,6.0,6.0,4.0,3.0,3.0,3.0,2.0,3.0,2.0,1.0,3.571,4,3,2,4,4,4,6,5,5,5,5,4,5,3,4,4,5,3,2,3,3.25,4.75,4.2,2.67,3,1
399,47,1,4.0,2.0,3.0,1.0,2.0,1.0,2.0,1.0,2.0,2.0,4.0,4.0,4.0,4.0,3.0,4.0,5.0,4.0,3.0,3.0,2.0,2.857,3,2,3,3,6,5,5,5,6,5,4,6,1,3,4,2,3,1,2,1,2.75,5.25,2.6,1.33,5,1
400,52,2,7.0,7.0,7.0,7.0,7.0,6.0,7.0,7.0,6.0,7.0,7.0,6.0,7.0,6.0,7.0,7.0,6.0,7.0,6.0,7.0,7.0,6.714,7,7,7,7,6,6,6,6,7,7,6,6,5,5,4,6,5,6,4,4,7.0,6.25,5.0,4.67,5,0
401,37,1,3.0,4.0,4.0,4.0,5.0,4.0,4.0,5.0,5.0,4.0,3.0,3.0,2.0,3.0,2.0,5.0,4.0,3.0,5.0,4.0,4.0,3.81,6,5,4,5,7,7,7,7,6,6,7,7,6,6,6,7,6,2,5,4,5.0,6.75,6.2,3.67,4,1
402,58,2,5.0,6.0,7.0,6.0,6.0,5.0,5.0,5.0,5.0,5.0,7.0,6.0,5.0,6.0,7.0,5.0,6.0,5.0,5.0,5.0,5.0,5.571,7,7,7,7,5,5,5,5,6,5,7,6,7,7,7,7,7,6,5,5,7.0,5.5,7.0,5.33,4,1
403,57,1,6.0,4.0,6.0,5.0,5.0,5.0,5.0,4.0,4.0,7.0,6.0,6.0,7.0,6.0,6.0,5.0,5.0,5.0,4.0,3.0,4.0,5.143,1,1,2,3,3,4,4,4,3,3,4,4,3,4,4,5,4,5,4,6,1.75,3.62,4.0,5.0,4,1
404,35,2,3.0,4.0,3.0,3.0,4.0,2.0,3.0,4.0,3.0,6.0,5.0,4.0,4.0,5.0,4.0,4.0,3.0,4.0,5.0,4.0,4.0,3.857,4,5,4,4,4,3,4,3,4,4,4,3,4,3,5,4,4,7,7,6,4.25,3.62,4.0,6.67,4,1
405,45,2,5.0,6.0,7.0,5.0,5.0,5.0,7.0,7.0,7.0,5.0,7.0,7.0,6.0,5.0,7.0,7.0,7.0,7.0,7.0,7.0,7.0,6.333,6,7,7,6,6,5,4,5,6,5,4,5,7,4,4,6,5,7,7,6,6.5,5.0,5.2,6.67,5,1
406,46,1,3.0,5.0,7.0,6.0,4.0,6.0,3.0,4.0,4.0,7.0,7.0,4.0,7.0,6.0,6.0,5.0,4.0,5.0,6.0,5.0,5.0,5.19,5,4,5,4,4,4,4,3,4,4,5,4,4,5,4,2,4,4,6,4,4.5,4.0,3.8,4.67,4,1
407,30,2,4.0,4.0,4.0,5.0,5.0,3.0,5.0,4.0,5.0,4.0,6.0,7.0,5.0,4.0,3.0,5.0,5.0,6.0,4.0,5.0,5.0,4.667,5,6,4,4,6,5,5,5,5,6,5,6,5,6,6,5,6,3,4,4,4.75,5.38,5.6,3.67,5,1
408,75,1,6.0,5.0,5.0,5.0,5.0,4.0,4.0,5.0,4.0,5.0,6.0,5.0,5.0,5.0,4.0,5.0,4.0,4.0,5.0,7.0,6.0,4.952,4,3,4,4,6,5,4,4,5,4,5,5,5,4,3,3,4,3,2,3,3.75,4.75,3.8,2.67,4,1
409,31,1,3.0,4.0,3.0,4.0,5.0,4.0,3.0,3.0,3.0,3.0,3.0,3.0,3.0,2.0,2.0,4.0,4.0,5.0,2.0,2.0,2.0,3.19,3,3,4,4,5,5,4,5,5,5,4,6,3,4,2,4,2,4,4,3,3.5,4.88,3.0,3.67,5,1
410,25,1,4.0,5.0,5.0,4.0,5.0,5.0,4.0,4.0,3.0,6.0,5.0,4.0,6.0,5.0,5.0,5.0,3.0,4.0,4.0,4.0,3.0,4.429,5,5,6,4,4,5,5,5,4,5,4,4,5,5,4,5,5,6,5,4,5.0,4.5,4.8,5.0,2,1
411,39,1,5.0,5.0,5.0,6.0,6.0,5.0,7.0,7.0,7.0,6.0,5.0,5.0,5.0,5.0,6.0,6.0,6.0,6.0,3.0,5.0,5.0,5.524,6,6,7,6,7,6,6,6,4,6,6,5,5,7,7,6,6,7,7,7,6.25,5.75,6.2,7.0,5,1
412,67,1,6.0,6.0,7.0,5.0,6.0,7.0,5.0,5.0,6.0,7.0,7.0,7.0,7.0,6.0,6.0,6.0,7.0,5.0,5.0,5.0,4.0,5.952,7,5,6,6,5,7,4,5,6,6,5,4,4,4,5,3,3,5,5,5,6.0,5.25,3.8,5.0,5,1
413,55,3,4.0,5.0,4.0,2.0,3.0,5.0,4.0,5.0,5.0,5.0,3.0,5.0,2.0,3.0,4.0,3.0,3.0,5.0,4.0,3.0,4.0,3.857,4,3,3,4,6,4,6,5,5,5,5,6,6,5,4,5,5,5,4,5,3.5,5.25,5.0,4.67,5,0
414,35,1,7.0,6.0,7.0,6.0,7.0,7.0,6.0,7.0,6.0,7.0,7.0,7.0,5.0,6.0,5.0,7.0,6.0,6.0,5.0,6.0,6.0,6.286,7,7,7,7,5,6,4,5,6,5,7,5,4,5,4,4,5,4,4,6,7.0,5.38,4.4,4.67,6,0
415,47,3,5.0,4.0,4.0,7.0,4.0,5.0,5.0,6.0,6.0,7.0,6.0,6.0,6.0,6.0,6.0,5.0,6.0,6.0,6.0,5.0,5.0,5.524,6,6,6,6,6,6,6,5,6,5,5,6,6,7,5,5,4,5,6,5,6.0,5.62,5.4,5.33,6,1
416,64,1,6.0,5.0,6.0,5.0,5.0,5.0,4.0,5.0,3.0,5.0,5.0,4.0,4.0,4.0,5.0,4.0,6.0,4.0,4.0,3.0,4.0,4.571,5,4,6,6,7,6,5,6,5,6,7,7,5,5,5,4,5,4,3,4,5.25,6.12,4.8,3.67,5,1
417,49,1,6.0,4.0,5.0,7.0,6.0,6.0,5.0,5.0,6.0,7.0,4.0,5.0,6.0,7.0,7.0,5.0,4.0,6.0,5.0,4.0,3.0,5.381,4,4,6,4,6,6,7,6,6,6,6,6,4,4,3,3,4,4,6,4,4.5,6.12,3.6,4.67,7,1
418,33,1,5.0,5.0,7.0,7.0,5.0,7.0,6.0,6.0,6.0,7.0,7.0,7.0,7.0,6.0,6.0,6.0,5.0,6.0,5.0,6.0,5.0,6.048,6,7,7,7,7,6,7,6,7,7,7,7,5,5,5,5,4,6,5,5,6.75,6.75,4.8,5.33,2,1
419,42,1,6.0,7.0,7.0,3.0,3.0,6.0,5.0,6.0,6.0,7.0,6.0,7.0,7.0,5.0,7.0,6.0,7.0,6.0,4.0,4.0,6.0,5.762,4,5,5,5,7,6,7,6,7,7,5,6,6,7,5,5,6,4,3,4,4.75,6.38,5.8,3.67,4,1
420,31,2,4.0,3.0,4.0,2.0,2.0,3.0,5.0,3.0,4.0,4.0,4.0,5.0,3.0,4.0,3.0,3.0,4.0,3.0,4.0,5.0,4.0,3.619,6,6,6,5,6,5,5,4,6,5,6,5,5,6,4,3,6,3,2,3,5.75,5.25,4.8,2.67,3,1
421,53,1,3.0,4.0,4.0,3.0,3.0,5.0,4.0,3.0,4.0,3.0,4.0,3.0,5.0,5.0,5.0,4.0,4.0,5.0,3.0,4.0,4.0,3.905,5,4,5,5,5,5,5,6,5,5,4,5,4,4,3,3,3,3,2,2,4.75,5.0,3.4,2.33,2,1
422,30,2,6.0,6.0,7.0,5.0,4.0,6.0,5.0,4.0,6.0,4.0,7.0,6.0,5.0,6.0,6.0,6.0,6.0,7.0,5.0,6.0,5.0,5.619,5,5,5,5,5,7,6,6,5,6,5,5,4,3,2,1,3,5,5,7,5.0,5.62,2.6,5.67,5,1
423,50,1,5.0,4.0,4.0,5.0,5.0,4.0,3.0,2.0,4.0,3.0,5.0,5.0,4.0,5.0,3.0,4.0,4.0,4.0,2.0,2.0,2.0,3.762,5,4,4,4,5,5,5,5,4,5,4,3,3,4,3,5,5,3,2,4,4.25,4.5,4.0,3.0,3,1
424,39,1,6.0,4.0,6.0,7.0,7.0,7.0,6.0,5.0,6.0,5.0,6.0,6.0,5.0,7.0,7.0,6.0,5.0,4.0,5.0,5.0,5.0,5.714,5,5,6,4,7,7,7,6,7,6,7,7,4,4,4,4,5,4,4,4,5.0,6.75,4.2,4.0,5,1
425,67,3,5.0,5.0,5.0,6.0,7.0,6.0,6.0,7.0,6.0,6.0,7.0,6.0,6.0,5.0,6.0,7.0,6.0,6.0,6.0,5.0,6.0,5.952,6,6,7,6,7,6,6,5,6,6,6,7,7,6,6,6,6,5,6,5,6.25,6.12,6.2,5.33,4,1
426,57,1,4.0,6.0,4.0,6.0,6.0,6.0,4.0,5.0,3.0,5.0,5.0,6.0,6.0,3.0,3.0,6.0,5.0,4.0,5.0,5.0,5.0,4.857,4,4,5,3,4,4,5,6,5,4,5,5,4,4,4,3,4,4,5,5,4.0,4.75,3.8,4.67,4,0
427,40,1,5.0,6.0,6.0,4.0,5.0,4.0,6.0,6.0,7.0,6.0,7.0,5.0,5.0,6.0,6.0,5.0,5.0,5.0,6.0,3.0,5.0,5.381,5,5,5,5,5,6,5,5,5,6,6,5,3,4,4,5,5,6,6,4,5.0,5.38,4.2,5.33,4,1
428,62,1,4.0,3.0,3.0,6.0,4.0,4.0,5.0,6.0,4.0,5.0,5.0,7.0,5.0,6.0,6.0,3.0,4.0,3.0,6.0,6.0,5.0,4.762,5,4,5,4,4,4,4,4,4,4,4,4,5,4,4,5,4,3,2,3,4.5,4.0,4.4,2.67,3,1
429,63,1,6.0,6.0,6.0,6.0,6.0,6.0,7.0,6.0,7.0,7.0,5.0,5.0,7.0,7.0,7.0,6.0,6.0,5.0,7.0,6.0,6.0,6.19,7,7,6,6,7,5,6,7,5,6,5,6,4,4,4,4,4,7,5,6,6.5,5.88,4.0,6.0,5,1
430,67,1,4.0,4.0,6.0,6.0,6.0,6.0,5.0,5.0,5.0,4.0,6.0,4.0,6.0,5.0,6.0,5.0,4.0,5.0,5.0,4.0,2.0,4.905,5,6,5,5,7,5,6,6,6,6,6,7,3,5,4,4,4,5,5,5,5.25,6.12,4.0,5.0,5,1
431,56,2,4.0,4.0,4.0,3.0,3.0,4.0,3.0,5.0,4.0,5.0,5.0,3.0,6.0,6.0,5.0,6.0,5.0,6.0,4.0,3.0,4.0,4.381,6,6,6,7,5,6,7,6,5,6,6,6,5,3,4,5,4,5,4,5,6.25,5.88,4.2,4.67,5,1
432,45,1,5.0,6.0,7.0,5.0,5.0,6.0,5.0,5.0,5.0,4.0,7.0,6.0,5.0,7.0,7.0,7.0,5.0,6.0,5.0,5.0,4.0,5.571,7,7,7,7,5,5,5,7,6,4,5,5,6,5,5,5,6,3,5,6,7.0,5.25,5.4,4.67,5,1
433,18,1,3.0,5.0,3.0,4.0,4.0,6.0,3.0,5.0,3.0,4.0,5.0,5.0,4.0,4.0,3.0,5.0,7.0,6.0,5.0,6.0,4.0,4.476,3,4,3,4,4,5,4,3,5,3,5,5,4,6,4,4,4,5,4,3,3.5,4.25,4.4,4.0,4,1
434,27,2,4.0,4.0,5.0,4.0,4.0,3.0,4.0,5.0,5.0,5.0,3.0,5.0,5.0,5.0,4.0,6.0,5.0,5.0,7.0,5.0,5.0,4.667,4,4,4,5,4,5,3,4,4,3,4,4,7,7,6,6,7,5,5,5,4.25,3.88,6.6,5.0,3,1
435,66,1,6.0,6.0,5.0,7.0,7.0,6.0,5.0,6.0,6.0,5.0,7.0,5.0,6.0,5.0,4.0,3.0,5.0,3.0,6.0,5.0,5.0,5.381,5,5,5,6,6,6,6,6,5,7,7,7,4,7,4,4,5,5,5,5,5.25,6.25,4.8,5.0,5,1
436,53,1,5.0,6.0,5.0,6.0,5.0,6.0,5.0,5.0,3.0,6.0,7.0,5.0,6.0,6.0,5.0,4.0,4.0,4.0,5.0,5.0,6.0,5.19,3,3,3,4,5,7,5,6,5,5,5,4,4,4,3,3,3,5,6,5,3.25,5.25,3.4,5.33,4,1
437,38,2,2.0,5.0,3.0,3.0,3.0,2.0,4.0,3.0,3.0,3.0,5.0,3.0,4.0,5.0,5.0,3.0,4.0,2.0,3.0,3.0,1.0,3.286,3,3,3,2,5,5,3,3,4,5,5,5,6,5,5,7,6,3,3,3,2.75,4.38,5.8,3.0,3,1
438,34,1,5.0,6.0,4.0,7.0,6.0,6.0,4.0,3.0,4.0,4.0,5.0,5.0,5.0,5.0,5.0,5.0,6.0,4.0,5.0,4.0,2.0,4.762,6,7,4,7,4,5,5,5,4,5,5,4,5,4,5,6,5,6,4,6,6.0,4.62,5.0,5.33,4,1
439,60,1,6.0,7.0,6.0,5.0,4.0,5.0,4.0,5.0,5.0,6.0,7.0,5.0,6.0,5.0,6.0,6.0,6.0,5.0,5.0,5.0,6.0,5.476,4,4,5,5,5,4,4,5,5,5,3,5,6,6,6,5,6,4,6,4,4.5,4.5,5.8,4.67,4,1
440,43,2,5.0,7.0,5.0,4.0,4.0,4.0,2.0,3.0,4.0,6.0,4.0,5.0,4.0,3.0,3.0,5.0,5.0,4.0,5.0,4.0,4.0,4.286,4,5,4,5,6,7,7,5,5,5,6,5,5,5,3,4,5,2,2,2,4.5,5.75,4.4,2.0,3,1
441,39,2,5.0,6.0,5.0,5.0,5.0,5.0,5.0,5.0,6.0,5.0,6.0,5.0,4.0,7.0,6.0,3.0,4.0,3.0,4.0,5.0,5.0,4.952,3,4,4,5,5,5,6,5,5,4,5,4,3,4,4,3,3,6,6,4,4.0,4.88,3.4,5.33,5,1
442,56,1,5.0,6.0,6.0,3.0,4.0,4.0,4.0,5.0,5.0,5.0,4.0,6.0,6.0,5.0,7.0,6.0,5.0,4.0,5.0,5.0,5.0,5.0,6,5,5,5,7,7,7,7,7,6,7,7,5,5,7,5,5,7,7,7,5.25,6.88,5.4,7.0,3,1
443,48,2,6.0,5.0,4.0,6.0,5.0,6.0,4.0,3.0,4.0,6.0,4.0,4.0,4.0,5.0,5.0,5.0,5.0,5.0,5.0,5.0,4.0,4.762,5,4,5,5,4,4,5,4,5,4,5,5,4,5,5,5,3,5,6,6,4.75,4.5,4.4,5.67,5,1
444,22,2,5.0,5.0,5.0,5.0,6.0,5.0,4.0,4.0,5.0,7.0,4.0,3.0,6.0,5.0,4.0,6.0,5.0,6.0,6.0,7.0,6.0,5.19,4,4,5,5,4,4,6,4,5,4,5,4,5,3,5,3,4,5,5,6,4.5,4.5,4.0,5.33,6,1
445,54,1,5.0,6.0,6.0,4.0,4.0,5.0,5.0,6.0,6.0,6.0,7.0,6.0,7.0,5.0,6.0,6.0,6.0,5.0,3.0,4.0,4.0,5.333,6,5,5,4,4,5,4,3,4,4,4,4,2,1,2,4,3,4,5,4,5.0,4.0,2.4,4.33,5,1
446,41,1,5.0,4.0,3.0,7.0,5.0,6.0,4.0,5.0,4.0,7.0,7.0,5.0,5.0,4.0,5.0,2.0,4.0,3.0,2.0,3.0,3.0,4.429,5,5,4,4,6,5,6,5,5,6,5,6,5,5,4,5,4,4,3,3,4.5,5.5,4.6,3.33,5,1
447,34,1,6.0,4.0,5.0,5.0,6.0,6.0,6.0,6.0,5.0,4.0,5.0,5.0,4.0,5.0,6.0,5.0,5.0,6.0,3.0,3.0,4.0,4.952,4,5,6,5,5,5,5,5,4,5,5,4,4,2,5,5,6,5,6,5,5.0,4.75,4.4,5.33,2,1
448,36,1,4.0,5.0,5.0,6.0,5.0,6.0,3.0,4.0,5.0,4.0,6.0,5.0,4.0,5.0,4.0,3.0,4.0,4.0,3.0,2.0,4.0,4.333,5,6,5,6,6,7,6,5,6,7,7,6,3,3,3,4,3,3,6,5,5.5,6.25,3.2,4.67,2,1
449,58,1,5.0,3.0,4.0,4.0,3.0,1.0,3.0,3.0,3.0,6.0,3.0,5.0,5.0,5.0,7.0,4.0,6.0,4.0,4.0,5.0,5.0,4.19,3,3,1,3,4,6,5,4,3,5,4,5,3,4,5,4,4,5,5,4,2.5,4.5,4.0,4.67,7,1
450,57,1,7.0,7.0,7.0,5.0,4.0,3.0,6.0,6.0,5.0,5.0,6.0,7.0,4.0,7.0,5.0,6.0,6.0,5.0,5.0,5.0,6.0,5.571,5,5,5,6,3,5,4,5,5,6,5,5,6,5,6,6,6,5,3,4,5.25,4.75,5.8,4.0,5,0
451,53,1,5.0,6.0,4.0,5.0,6.0,4.0,5.0,4.0,5.0,6.0,5.0,7.0,5.0,6.0,4.0,6.0,7.0,4.0,4.0,4.0,4.0,5.048,5,3,4,4,4,3,3,4,5,3,4,5,2,1,1,3,1,6,5,5,4.0,3.88,1.6,5.33,6,1
452,45,2,5.0,6.0,5.0,6.0,4.0,5.0,6.0,6.0,6.0,6.0,5.0,7.0,7.0,7.0,5.0,6.0,5.0,5.0,5.0,5.0,6.0,5.619,6,5,5,5,5,5,4,4,6,4,4,5,5,6,6,7,7,5,4,6,5.25,4.62,6.2,5.0,5,1
453,62,2,6.0,7.0,5.0,7.0,6.0,6.0,5.0,7.0,6.0,4.0,5.0,5.0,7.0,7.0,7.0,6.0,5.0,5.0,6.0,6.0,6.0,5.905,7,6,6,7,6,6,6,5,7,7,5,6,6,5,6,5,5,6,5,4,6.5,6.0,5.4,5.0,5,1
454,61,1,4.0,5.0,4.0,4.0,4.0,6.0,6.0,5.0,5.0,3.0,6.0,5.0,6.0,7.0,7.0,4.0,6.0,5.0,3.0,3.0,3.0,4.81,6,5,5,3,5,5,5,5,6,5,4,5,3,2,3,4,3,4,5,5,4.75,5.0,3.0,4.67,5,1
455,43,2,5.0,5.0,5.0,6.0,4.0,6.0,4.0,3.0,4.0,5.0,4.0,3.0,6.0,5.0,5.0,5.0,4.0,4.0,5.0,5.0,6.0,4.714,4,3,3,4,5,5,5,6,6,4,5,4,3,1,2,4,4,6,6,5,3.5,5.0,2.8,5.67,4,1
456,61,2,7.0,6.0,7.0,7.0,7.0,6.0,6.0,6.0,6.0,7.0,6.0,6.0,7.0,7.0,6.0,6.0,5.0,5.0,6.0,5.0,5.0,6.143,7,7,7,6,7,7,7,7,7,6,6,7,5,6,6,7,5,7,6,7,6.75,6.75,5.8,6.67,5,1
457,40,2,4.0,4.0,4.0,7.0,3.0,5.0,4.0,2.0,4.0,6.0,5.0,5.0,5.0,5.0,5.0,3.0,5.0,4.0,4.0,3.0,3.0,4.286,2,3,5,3,4,4,3,3,3,5,3,4,4,4,3,4,3,2,3,4,3.25,3.62,3.6,3.0,4,1
458,57,1,4.0,4.0,4.0,5.0,3.0,5.0,2.0,2.0,3.0,7.0,2.0,4.0,4.0,3.0,4.0,3.0,3.0,4.0,4.0,1.0,3.0,3.524,4,3,6,4,4,4,5,5,6,4,5,6,4,4,4,4,4,4,5,4,4.25,4.88,4.0,4.33,3,1
459,35,2,7.0,6.0,6.0,7.0,7.0,7.0,7.0,6.0,7.0,7.0,7.0,7.0,7.0,7.0,7.0,7.0,7.0,6.0,6.0,6.0,7.0,6.714,6,6,7,5,5,5,4,5,4,4,4,4,3,4,4,5,4,7,7,7,6.0,4.38,4.0,7.0,4,1
460,58,2,5.0,4.0,5.0,4.0,4.0,3.0,4.0,4.0,4.0,6.0,4.0,5.0,5.0,4.0,6.0,4.0,5.0,3.0,4.0,5.0,4.0,4.381,4,2,3,3,5,3,5,5,4,5,6,4,5,4,4,4,4,3,5,5,3.0,4.62,4.2,4.33,4,1
461,27,1,5.0,5.0,5.0,4.0,5.0,3.0,5.0,4.0,2.0,7.0,7.0,6.0,6.0,5.0,7.0,6.0,6.0,5.0,4.0,4.0,5.0,5.048,3,3,4,3,6,6,5,6,4,5,6,5,3,4,2,3,3,5,5,4,3.25,5.38,3.0,4.67,6,1
462,50,1,7.0,6.0,7.0,5.0,5.0,4.0,6.0,6.0,6.0,5.0,6.0,7.0,7.0,5.0,6.0,7.0,6.0,7.0,5.0,5.0,6.0,5.905,7,7,5,7,6,5,5,6,5,5,6,7,4,5,4,7,6,5,4,4,6.5,5.62,5.2,4.33,5,1
463,48,2,6.0,6.0,5.0,5.0,4.0,5.0,5.0,5.0,5.0,5.0,6.0,6.0,6.0,6.0,3.0,4.0,4.0,4.0,6.0,3.0,4.0,4.905,4,2,4,5,4,3,2,3,3,4,4,3,5,4,4,4,5,4,5,5,3.75,3.25,4.4,4.67,5,1
464,34,1,5.0,5.0,6.0,5.0,6.0,5.0,7.0,6.0,7.0,6.0,6.0,5.0,6.0,7.0,5.0,5.0,7.0,6.0,4.0,3.0,5.0,5.571,6,4,5,6,6,5,6,6,6,6,4,6,6,5,6,4,4,4,3,4,5.25,5.62,5.0,3.67,6,1
465,31,2,6.0,5.0,5.0,5.0,6.0,6.0,5.0,4.0,5.0,6.0,4.0,6.0,6.0,7.0,6.0,6.0,6.0,7.0,5.0,5.0,5.0,5.524,7,6,6,6,7,7,6,6,7,6,6,5,7,6,5,7,6,7,4,6,6.25,6.25,6.2,5.67,7,1
466,35,1,6.0,7.0,6.0,4.0,7.0,7.0,7.0,7.0,6.0,6.0,6.0,7.0,7.0,5.0,6.0,6.0,5.0,6.0,4.0,5.0,5.0,5.952,5,5,5,5,6,7,7,7,7,7,6,7,5,5,4,5,5,6,6,5,5.0,6.75,4.8,5.67,5,1
467,48,2,6.0,6.0,6.0,6.0,6.0,5.0,5.0,4.0,5.0,4.0,6.0,6.0,5.0,5.0,4.0,5.0,7.0,7.0,5.0,4.0,5.0,5.333,5,4,3,4,4,5,6,6,5,4,5,6,5,4,5,5,5,4,4,4,4.0,5.12,4.8,4.0,4,1
468,63,1,6.0,7.0,5.0,6.0,7.0,5.0,6.0,7.0,7.0,6.0,7.0,5.0,7.0,6.0,6.0,7.0,6.0,7.0,6.0,7.0,6.0,6.286,7,7,7,7,7,6,6,7,7,6,6,7,7,6,7,6,7,6,6,7,7.0,6.5,6.6,6.33,6,1
469,66,2,6.0,7.0,6.0,6.0,5.0,4.0,5.0,6.0,6.0,5.0,5.0,4.0,4.0,3.0,4.0,5.0,6.0,6.0,4.0,3.0,3.0,4.905,3,4,4,4,4,5,5,5,5,6,5,5,5,5,5,6,4,3,4,2,3.75,5.0,5.0,3.0,3,1
470,60,2,5.0,5.0,5.0,5.0,5.0,4.0,3.0,4.0,4.0,5.0,5.0,3.0,3.0,5.0,3.0,6.0,5.0,4.0,4.0,3.0,4.0,4.286,4,3,5,5,5,5,6,4,5,4,5,3,6,4,5,5,6,5,4,7,4.25,4.62,5.2,5.33,4,1
471,39,2,4.0,6.0,3.0,6.0,6.0,6.0,5.0,7.0,6.0,4.0,6.0,7.0,6.0,7.0,7.0,6.0,7.0,5.0,6.0,7.0,6.0,5.857,6,6,6,5,6,5,5,5,5,5,7,6,2,1,3,3,5,5,5,7,5.75,5.5,2.8,5.67,4,1
472,63,1,6.0,5.0,6.0,6.0,5.0,3.0,5.0,6.0,7.0,6.0,6.0,5.0,5.0,6.0,6.0,5.0,6.0,5.0,4.0,6.0,6.0,5.476,7,6,7,7,6,7,6,5,7,7,7,7,4,4,5,4,4,6,6,5,6.75,6.5,4.2,5.67,4,1
473,25,2,3.0,4.0,4.0,4.0,5.0,5.0,4.0,5.0,4.0,5.0,5.0,3.0,3.0,4.0,3.0,5.0,5.0,4.0,3.0,2.0,3.0,3.952,3,3,3,3,5,5,4,4,5,5,6,4,5,3,4,5,4,6,6,4,3.0,4.75,4.2,5.33,4,1
474,57,2,4.0,3.0,4.0,3.0,2.0,3.0,3.0,4.0,3.0,5.0,5.0,4.0,4.0,5.0,6.0,2.0,3.0,4.0,1.0,1.0,2.0,3.381,4,6,4,4,6,6,5,6,6,5,5,4,5,1,4,3,2,3,4,3,4.5,5.38,3.0,3.33,3,1
475,39,1,3.0,4.0,4.0,5.0,3.0,4.0,6.0,7.0,5.0,7.0,7.0,6.0,5.0,4.0,4.0,7.0,6.0,7.0,5.0,6.0,5.0,5.238,5,4,6,4,5,3,4,4,5,4,4,5,6,6,6,6,7,5,6,5,4.75,4.25,6.2,5.33,6,1
476,36,2,4.0,3.0,5.0,3.0,3.0,4.0,3.0,4.0,5.0,4.0,4.0,4.0,4.0,4.0,4.0,4.0,5.0,5.0,3.0,2.0,4.0,3.857,3,2,3,3,6,5,5,6,6,6,5,6,5,2,2,3,4,4,2,4,2.75,5.62,3.2,3.33,4,1
477,68,2,6.0,5.0,6.0,7.0,5.0,7.0,4.0,4.0,4.0,4.0,5.0,5.0,6.0,6.0,5.0,4.0,6.0,5.0,6.0,4.0,5.0,5.19,6,4,4,3,4,5,5,5,7,5,6,6,4,6,4,4,5,5,5,5,4.25,5.38,4.6,5.0,7,1
478,32,1,6.0,5.0,4.0,5.0,6.0,6.0,6.0,6.0,6.0,5.0,6.0,4.0,4.0,4.0,3.0,3.0,3.0,4.0,5.0,5.0,4.0,4.762,5,6,4,4,6,5,5,5,5,4,5,5,4,5,6,6,5,6,6,6,4.75,5.0,5.2,6.0,4,1
479,37,2,3.0,4.0,3.0,3.0,3.0,4.0,6.0,4.0,5.0,3.0,4.0,2.0,4.0,4.0,3.0,3.0,4.0,3.0,5.0,4.0,5.0,3.762,4,3,3,4,4,4,4,5,4,4,5,6,5,7,5,5,5,6,5,3,3.5,4.5,5.4,4.67,4,1
480,52,2,5.0,4.0,5.0,4.0,3.0,4.0,4.0,4.0,3.0,4.0,5.0,4.0,7.0,5.0,4.0,3.0,3.0,2.0,3.0,3.0,3.0,3.905,3,4,3,4,5,5,5,4,4,3,5,5,2,2,3,4,3,4,5,4,3.5,4.5,2.8,4.33,2,1
481,46,1,3.0,3.0,3.0,4.0,5.0,4.0,2.0,3.0,3.0,4.0,4.0,4.0,5.0,4.0,3.0,4.0,3.0,3.0,3.0,1.0,3.0,3.381,1,2,3,1,3,3,4,3,3,4,3,4,2,5,4,3,5,3,4,3,1.75,3.38,3.8,3.33,6,1
482,28,1,3.0,3.0,4.0,3.0,6.0,5.0,4.0,5.0,5.0,6.0,6.0,4.0,7.0,5.0,5.0,6.0,7.0,4.0,4.0,6.0,4.0,4.857,4,4,5,4,5,4,5,5,4,4,5,4,3,5,4,4,5,5,4,7,4.25,4.5,4.2,5.33,6,1
483,75,1,5.0,4.0,5.0,4.0,4.0,4.0,4.0,3.0,3.0,4.0,5.0,5.0,5.0,6.0,5.0,3.0,4.0,2.0,4.0,5.0,4.0,4.19,3,3,2,2,4,3,6,5,4,4,4,4,3,3,3,1,2,3,4,3,2.5,4.25,2.4,3.33,6,1
484,41,2,4.0,3.0,2.0,4.0,4.0,3.0,4.0,5.0,3.0,5.0,7.0,6.0,5.0,4.0,6.0,5.0,5.0,5.0,5.0,4.0,5.0,4.476,2,3,3,4,6,6,6,6,6,5,4,6,3,2,3,2,3,4,3,4,3.0,5.62,2.6,3.67,3,0
485,34,2,6.0,5.0,5.0,5.0,5.0,5.0,7.0,7.0,7.0,6.0,6.0,7.0,7.0,7.0,6.0,7.0,7.0,7.0,5.0,5.0,4.0,6.0,5,6,4,5,6,6,5,7,6,5,6,7,7,7,7,6,6,5,6,6,5.0,6.0,6.6,5.67,4,1
486,59,1,5.0,6.0,6.0,5.0,5.0,5.0,6.0,6.0,6.0,5.0,4.0,5.0,4.0,3.0,4.0,5.0,5.0,7.0,5.0,6.0,7.0,5.238,3,4,5,5,4,4,5,5,3,5,4,5,6,5,6,6,6,7,7,7,4.25,4.38,5.8,7.0,3,1
487,37,1,5.0,5.0,5.0,3.0,4.0,3.0,6.0,6.0,6.0,4.0,5.0,5.0,5.0,4.0,4.0,5.0,6.0,5.0,4.0,4.0,3.0,4.619,5,4,5,3,5,5,5,4,5,6,4,5,5,5,2,3,4,5,5,5,4.25,4.88,3.8,5.0,1,0
488,70,1,7.0,7.0,6.0,6.0,5.0,5.0,4.0,4.0,5.0,7.0,6.0,5.0,7.0,6.0,6.0,5.0,7.0,6.0,5.0,5.0,5.0,5.667,5,5,5,5,5,5,5,5,4,5,5,5,5,4,5,6,5,7,6,7,5.0,4.88,5.0,6.67,6,1
489,46,2,4.0,4.0,4.0,5.0,5.0,5.0,6.0,5.0,7.0,3.0,5.0,5.0,5.0,7.0,5.0,6.0,7.0,6.0,5.0,4.0,3.0,5.048,5,7,6,7,5,3,4,6,7,4,4,6,4,5,6,7,4,5,5,6,6.25,4.88,5.2,5.33,4,1
490,44,1,7.0,5.0,7.0,5.0,4.0,3.0,4.0,4.0,5.0,5.0,7.0,5.0,5.0,3.0,5.0,5.0,4.0,4.0,3.0,3.0,4.0,4.619,5,5,4,4,5,4,5,6,5,5,5,4,5,5,4,5,4,5,5,4,4.5,4.88,4.6,4.67,7,1
491,57,1,3.0,2.0,2.0,2.0,1.0,3.0,1.0,1.0,1.0,1.0,3.0,2.0,3.0,2.0,3.0,4.0,3.0,3.0,3.0,4.0,2.0,2.333,1,2,2,1,4,4,4,5,4,2,3,3,4,5,5,4,4,3,5,5,1.5,3.62,4.4,4.33,4,1
492,36,2,6.0,5.0,5.0,3.0,3.0,4.0,6.0,6.0,6.0,4.0,3.0,5.0,4.0,4.0,5.0,5.0,7.0,6.0,5.0,4.0,2.0,4.667,4,6,6,6,7,7,6,7,6,6,7,6,4,3,3,4,5,5,5,6,5.5,6.5,3.8,5.33,5,1
493,47,1,5.0,5.0,5.0,5.0,6.0,5.0,5.0,6.0,6.0,4.0,6.0,5.0,7.0,7.0,6.0,5.0,7.0,7.0,6.0,5.0,6.0,5.667,6,4,5,5,5,6,5,5,5,7,6,5,4,3,4,4,3,3,4,4,5.0,5.5,3.6,3.67,1,1
494,29,1,5.0,4.0,5.0,5.0,4.0,4.0,5.0,6.0,7.0,6.0,7.0,5.0,7.0,6.0,5.0,5.0,6.0,5.0,3.0,3.0,4.0,5.095,6,4,6,5,6,6,6,6,6,5,6,5,6,6,7,6,5,5,5,4,5.25,5.75,6.0,4.67,4,1
495,36,1,7.0,7.0,7.0,7.0,7.0,7.0,6.0,6.0,7.0,6.0,7.0,7.0,7.0,7.0,7.0,7.0,7.0,7.0,5.0,7.0,5.0,6.667,6,6,7,7,4,5,5,4,6,5,6,5,6,6,6,6,6,5,6,6,6.5,5.0,6.0,5.67,5,1
496,68,1,4.0,6.0,5.0,4.0,4.0,4.0,2.0,2.0,3.0,5.0,5.0,4.0,3.0,4.0,3.0,5.0,5.0,5.0,2.0,4.0,4.0,3.952,6,5,6,5,4,5,5,5,6,5,5,4,4,2,5,3,3,6,7,6,5.5,4.88,3.4,6.33,5,1
497,40,1,6.0,5.0,5.0,4.0,4.0,5.0,4.0,4.0,5.0,7.0,5.0,7.0,7.0,7.0,5.0,7.0,6.0,6.0,5.0,5.0,4.0,5.381,5,4,5,4,4,4,4,5,4,3,3,4,4,3,5,3,4,4,3,4,4.5,3.88,3.8,3.67,5,1
498,49,2,6.0,5.0,5.0,5.0,5.0,6.0,6.0,5.0,6.0,4.0,5.0,5.0,5.0,5.0,6.0,6.0,5.0,5.0,6.0,6.0,5.0,5.333,4,3,4,3,6,5,5,5,4,5,6,6,4,5,4,3,3,4,4,5,3.5,5.25,3.8,4.33,4,1
499,41,2,4.0,6.0,6.0,5.0,4.0,5.0,6.0,5.0,4.0,5.0,6.0,5.0,4.0,4.0,4.0,4.0,5.0,5.0,3.0,3.0,3.0,4.571,1,2,2,3,2,3,4,5,4,5,4,2,5,3,6,5,4,3,5,6,2.0,3.62,4.6,4.67,4,0
500,43,2,6.0,6.0,5.0,6.0,6.0,4.0,7.0,5.0,5.0,5.0,5.0,5.0,6.0,5.0,6.0,6.0,6.0,5.0,6.0,5.0,6.0,5.524,6,4,5,4,4,4,4,4,5,3,4,4,5,4,3,4,3,6,5,6,4.75,4.0,3.8,5.67,3,1
501,59,1,6.0,6.0,6.0,7.0,7.0,6.0,6.0,5.0,6.0,6.0,7.0,5.0,5.0,5.0,7.0,5.0,7.0,5.0,5.0,5.0,4.0,5.762,5,5,5,5,5,5,6,6,5,6,6,5,5,5,5,6,4,7,6,5,5.0,5.5,5.0,6.0,5,1
502,22,2,5.0,7.0,7.0,6.0,5.0,5.0,5.0,6.0,5.0,5.0,5.0,5.0,5.0,6.0,6.0,5.0,6.0,5.0,4.0,6.0,5.0,5.429,5,5,5,5,5,6,6,5,6,5,5,5,4,3,5,5,4,5,6,5,5.0,5.38,4.2,5.33,3,1
503,41,2,6.0,5.0,7.0,6.0,4.0,4.0,3.0,4.0,4.0,3.0,6.0,4.0,6.0,4.0,3.0,5.0,3.0,4.0,3.0,3.0,4.0,4.333,2,3,3,2,6,5,5,4,4,5,3,4,2,2,2,5,2,5,6,6,2.5,4.5,2.6,5.67,6,1
504,57,2,6.0,6.0,5.0,4.0,5.0,6.0,5.0,5.0,7.0,7.0,7.0,6.0,6.0,7.0,7.0,4.0,5.0,5.0,5.0,5.0,5.0,5.619,4,5,4,5,5,5,4,6,6,5,5,4,7,7,7,7,7,5,4,5,4.5,5.0,7.0,4.67,6,1
505,18,2,3.0,3.0,3.0,4.0,3.0,3.0,5.0,4.0,4.0,3.0,5.0,5.0,4.0,5.0,4.0,5.0,4.0,5.0,4.0,3.0,4.0,3.952,5,4,4,5,5,4,5,4,4,4,4,4,5,6,5,7,7,6,4,4,4.5,4.25,6.0,4.67,4,1
506,59,2,4.0,5.0,5.0,7.0,5.0,6.0,5.0,4.0,5.0,7.0,7.0,5.0,3.0,4.0,5.0,5.0,5.0,7.0,6.0,6.0,7.0,5.381,5,5,4,5,5,5,5,6,4,5,5,6,5,4,4,7,5,5,4,4,4.75,5.12,5.0,4.33,7,1
507,43,1,6.0,6.0,5.0,6.0,7.0,6.0,6.0,6.0,7.0,7.0,5.0,6.0,6.0,7.0,5.0,7.0,5.0,6.0,5.0,5.0,5.0,5.905,7,7,7,7,5,5,7,6,6,5,5,5,5,5,6,7,5,7,6,7,7.0,5.5,5.6,6.67,5,1
508,48,2,5.0,5.0,6.0,4.0,6.0,4.0,6.0,5.0,7.0,6.0,4.0,6.0,5.0,6.0,5.0,5.0,5.0,5.0,5.0,5.0,6.0,5.286,4,4,5,5,6,6,6,6,6,6,5,6,2,3,1,3,3,4,6,3,4.5,5.88,2.4,4.33,6,1
509,73,1,4.0,5.0,5.0,6.0,5.0,5.0,4.0,5.0,3.0,6.0,4.0,6.0,7.0,5.0,5.0,5.0,7.0,5.0,4.0,3.0,4.0,4.905,5,5,6,6,5,5,5,5,5,4,5,5,4,4,4,5,5,3,4,4,5.5,4.88,4.4,3.67,6,1
510,42,2,7.0,5.0,6.0,6.0,7.0,5.0,6.0,5.0,6.0,6.0,7.0,4.0,7.0,7.0,7.0,5.0,6.0,7.0,4.0,5.0,5.0,5.857,6,6,7,6,6,6,6,7,6,5,7,5,6,5,5,6,5,5,3,5,6.25,6.0,5.4,4.33,6,1
511,33,1,6.0,5.0,6.0,4.0,5.0,6.0,4.0,5.0,4.0,4.0,4.0,6.0,4.0,6.0,4.0,4.0,5.0,4.0,2.0,4.0,4.0,4.571,6,5,5,5,5,5,5,5,5,6,5,6,4,4,5,4,5,5,6,5,5.25,5.25,4.4,5.33,4,1
512,55,1,6.0,5.0,7.0,5.0,5.0,4.0,5.0,6.0,5.0,6.0,7.0,6.0,7.0,7.0,7.0,6.0,4.0,4.0,6.0,7.0,7.0,5.81,7,5,6,6,6,6,7,7,7,6,7,6,4,5,4,7,6,7,6,5,6.0,6.5,5.2,6.0,5,1
513,51,1,5.0,4.0,5.0,3.0,3.0,4.0,5.0,5.0,3.0,5.0,5.0,4.0,4.0,4.0,5.0,4.0,4.0,4.0,3.0,4.0,3.0,4.095,6,5,4,3,4,4,4,3,5,6,4,5,2,4,3,2,4,6,6,6,4.5,4.38,3.0,6.0,4,1
514,40,1,4.0,6.0,5.0,4.0,5.0,6.0,4.0,4.0,5.0,5.0,4.0,4.0,4.0,5.0,4.0,6.0,7.0,6.0,5.0,6.0,5.0,4.952,6,4,5,6,6,5,6,6,6,6,7,6,4,3,3,6,4,3,3,3,5.25,6.0,4.0,3.0,3,1
515,68,1,4.0,4.0,4.0,3.0,4.0,4.0,4.0,3.0,3.0,4.0,3.0,4.0,4.0,3.0,3.0,1.0,2.0,2.0,3.0,1.0,3.0,3.143,4,6,6,6,7,7,7,7,7,7,7,7,4,5,4,3,5,4,4,6,5.5,7.0,4.2,4.67,3,1
516,44,2,4.0,4.0,5.0,4.0,3.0,5.0,4.0,3.0,4.0,6.0,6.0,5.0,4.0,5.0,5.0,4.0,5.0,4.0,4.0,4.0,4.0,4.381,3,1,3,3,4,5,5,6,6,5,6,5,4,3,5,4,5,4,4,4,2.5,5.25,4.2,4.0,7,0
517,32,2,3.0,2.0,2.0,5.0,4.0,5.0,3.0,4.0,2.0,4.0,5.0,3.0,3.0,4.0,4.0,3.0,2.0,4.0,2.0,2.0,2.0,3.238,5,4,4,5,4,5,4,4,5,6,4,4,3,4,4,4,5,3,3,4,4.5,4.5,4.0,3.33,3,1
518,38,1,6.0,7.0,6.0,5.0,5.0,5.0,4.0,6.0,4.0,5.0,6.0,5.0,5.0,4.0,3.0,6.0,6.0,4.0,6.0,6.0,6.0,5.238,6,6,4,5,5,5,4,5,7,5,6,6,7,6,6,7,6,5,6,5,5.25,5.38,6.4,5.33,4,1
519,59,1,3.0,2.0,2.0,3.0,2.0,3.0,3.0,4.0,3.0,4.0,1.0,4.0,4.0,6.0,5.0,5.0,5.0,3.0,5.0,5.0,4.0,3.619,4,4,4,4,5,4,4,6,5,4,3,5,6,5,4,7,4,4,4,4,4.0,4.5,5.2,4.0,4,1
520,46,2,7.0,5.0,6.0,5.0,7.0,7.0,7.0,5.0,7.0,2.0,5.0,4.0,5.0,5.0,4.0,4.0,5.0,5.0,6.0,6.0,6.0,5.381,5,5,4,4,5,5,5,5,5,5,4,6,4,6,4,4,3,5,7,4,4.5,5.0,4.2,5.33,4,1
521,55,2,4.0,3.0,4.0,4.0,5.0,5.0,5.0,5.0,6.0,4.0,4.0,3.0,5.0,5.0,5.0,4.0,5.0,5.0,5.0,4.0,3.0,4.429,6,5,6,4,6,6,6,7,7,5,6,5,6,5,4,5,3,3,3,2,5.25,6.0,4.6,2.67,4,1
522,37,2,7.0,6.0,5.0,6.0,7.0,5.0,7.0,7.0,7.0,6.0,5.0,7.0,6.0,6.0,6.0,5.0,6.0,6.0,6.0,7.0,5.0,6.095,7,6,7,5,5,6,6,5,5,7,5,6,7,7,6,7,7,3,5,4,6.25,5.62,6.8,4.0,5,1
523,55,1,3.0,3.0,3.0,4.0,5.0,6.0,5.0,5.0,4.0,6.0,4.0,6.0,7.0,6.0,5.0,6.0,6.0,6.0,4.0,5.0,5.0,4.952,4,4,5,4,5,5,6,6,4,4,4,6,4,5,5,3,6,6,5,5,4.25,5.0,4.6,5.33,4,1
524,56,1,7.0,7.0,7.0,6.0,6.0,7.0,6.0,6.0,6.0,6.0,6.0,7.0,6.0,6.0,7.0,5.0,6.0,6.0,7.0,7.0,7.0,6.381,5,6,4,6,6,6,5,6,7,7,6,6,6,6,5,5,5,5,6,6,5.25,6.12,5.4,5.67,4,1
525,54,1,5.0,5.0,5.0,4.0,4.0,4.0,7.0,6.0,6.0,5.0,4.0,5.0,4.0,4.0,5.0,5.0,6.0,5.0,2.0,4.0,3.0,4.667,5,5,6,6,4,5,4,4,6,6,5,5,3,5,6,5,4,4,4,5,5.5,4.88,4.6,4.33,5,1
526,40,2,5.0,6.0,6.0,4.0,3.0,4.0,6.0,5.0,6.0,6.0,4.0,5.0,7.0,6.0,5.0,6.0,5.0,5.0,4.0,5.0,5.0,5.143,4,3,4,4,3,4,4,3,4,5,3,4,3,3,4,4,4,5,4,4,3.75,3.75,3.6,4.33,4,1
527,29,2,6.0,5.0,7.0,7.0,5.0,5.0,4.0,3.0,3.0,6.0,4.0,5.0,4.0,6.0,5.0,3.0,4.0,3.0,5.0,3.0,4.0,4.619,5,5,4,4,6,6,5,7,6,7,5,6,2,3,4,4,3,5,4,5,4.5,6.0,3.2,4.67,6,0
528,31,1,6.0,5.0,7.0,6.0,5.0,7.0,5.0,5.0,5.0,7.0,7.0,6.0,4.0,5.0,5.0,6.0,6.0,6.0,4.0,6.0,5.0,5.619,6,7,6,7,7,6,6,6,6,6,5,6,5,6,6,5,7,5,4,2,6.5,6.0,5.8,3.67,5,1
529,44,2,5.0,6.0,6.0,6.0,5.0,4.0,6.0,5.0,5.0,6.0,7.0,6.0,5.0,4.0,4.0,4.0,6.0,4.0,6.0,6.0,5.0,5.286,6,7,5,5,5,5,3,3,4,3,3,3,5,4,3,4,4,6,4,5,5.75,3.62,4.0,5.0,4,1
530,56,2,5.0,5.0,4.0,5.0,5.0,5.0,2.0,3.0,3.0,4.0,4.0,4.0,5.0,4.0,4.0,5.0,3.0,4.0,5.0,6.0,5.0,4.286,3,3,3,4,4,5,4,4,5,4,5,4,4,5,5,4,4,4,5,5,3.25,4.38,4.4,4.67,4,1
531,27,1,2.0,4.0,5.0,4.0,5.0,4.0,4.0,4.0,5.0,6.0,7.0,5.0,5.0,5.0,5.0,3.0,4.0,3.0,5.0,5.0,6.0,4.571,5,4,5,5,3,4,4,3,3,4,3,4,7,5,6,6,5,5,5,6,4.75,3.5,5.8,5.33,5,1
532,41,1,5.0,5.0,5.0,5.0,5.0,5.0,5.0,6.0,5.0,5.0,6.0,6.0,6.0,7.0,4.0,5.0,5.0,6.0,5.0,4.0,3.0,5.143,5,6,4,4,6,5,5,6,7,6,5,6,4,6,7,5,4,7,6,6,4.75,5.75,5.2,6.33,3,1
533,33,2,4.0,4.0,4.0,5.0,4.0,5.0,4.0,5.0,4.0,4.0,5.0,5.0,3.0,3.0,5.0,3.0,4.0,4.0,3.0,4.0,4.0,4.095,3,3,4,2,4,4,3,5,5,4,5,4,5,5,4,5,6,4,4,4,3.0,4.25,5.0,4.0,4,1
534,50,2,5.0,4.0,5.0,4.0,5.0,3.0,5.0,5.0,5.0,6.0,5.0,6.0,4.0,5.0,4.0,5.0,5.0,6.0,5.0,5.0,6.0,4.905,5,4,3,4,4,5,6,4,4,4,6,5,5,4,4,4,5,6,5,6,4.0,4.75,4.4,5.67,2,1
535,26,2,6.0,5.0,4.0,5.0,4.0,4.0,5.0,4.0,4.0,5.0,4.0,5.0,5.0,4.0,4.0,5.0,4.0,4.0,4.0,5.0,3.0,4.429,5,5,3,5,6,6,6,7,6,6,6,6,5,4,5,6,4,6,7,4,4.5,6.12,4.8,5.67,6,1
536,45,2,5.0,5.0,5.0,5.0,4.0,4.0,4.0,5.0,5.0,6.0,7.0,5.0,6.0,5.0,5.0,6.0,5.0,6.0,5.0,4.0,6.0,5.143,6,6,7,7,5,6,5,4,4,6,6,6,6,5,4,5,5,4,4,3,6.5,5.25,5.0,3.67,4,1
537,19,1,4.0,4.0,5.0,3.0,5.0,4.0,3.0,3.0,3.0,7.0,4.0,7.0,4.0,7.0,6.0,6.0,5.0,6.0,4.0,5.0,4.0,4.714,3,3,4,4,5,4,5,4,4,4,4,3,4,5,6,4,5,3,1,2,3.5,4.12,4.8,2.0,6,1
538,46,2,5.0,4.0,4.0,6.0,3.0,5.0,4.0,4.0,4.0,4.0,6.0,6.0,4.0,4.0,5.0,5.0,5.0,5.0,4.0,4.0,4.0,4.524,4,5,2,3,4,4,5,5,5,4,4,3,2,2,4,3,3,5,5,4,3.5,4.25,2.8,4.67,7,1
539,61,1,6.0,6.0,5.0,6.0,5.0,6.0,5.0,5.0,7.0,6.0,4.0,6.0,5.0,3.0,4.0,7.0,6.0,7.0,4.0,4.0,4.0,5.286,6,6,6,5,5,7,7,5,6,5,7,7,4,4,5,6,5,4,4,5,5.75,6.12,4.8,4.33,5,1
540,40,2,2.0,1.0,1.0,2.0,4.0,4.0,4.0,4.0,3.0,3.0,4.0,5.0,4.0,3.0,5.0,4.0,4.0,4.0,4.0,4.0,4.0,3.476,1,2,1,2,3,3,5,4,4,4,4,4,4,5,6,4,3,3,4,4,1.5,3.88,4.4,3.67,5,1
541,29,2,5.0,5.0,6.0,5.0,5.0,6.0,7.0,6.0,6.0,4.0,4.0,4.0,5.0,6.0,5.0,7.0,7.0,7.0,4.0,5.0,6.0,5.476,6,6,6,5,7,7,6,7,6,6,6,6,6,5,6,6,7,4,6,6,5.75,6.38,6.0,5.33,5,1
542,53,1,4.0,4.0,2.0,5.0,6.0,4.0,5.0,6.0,6.0,4.0,2.0,3.0,5.0,5.0,3.0,4.0,6.0,5.0,5.0,4.0,4.0,4.381,5,4,4,5,6,6,4,5,5,4,7,5,4,4,3,5,5,5,5,6,4.5,5.25,4.2,5.33,5,1
543,48,2,7.0,6.0,6.0,6.0,6.0,5.0,5.0,5.0,6.0,5.0,5.0,5.0,6.0,6.0,7.0,7.0,7.0,7.0,6.0,6.0,6.0,5.952,3,2,3,3,4,4,3,5,4,4,3,5,6,4,5,4,5,4,5,5,2.75,4.0,4.8,4.67,4,1
544,68,1,5.0,6.0,7.0,5.0,5.0,5.0,5.0,5.0,6.0,5.0,6.0,6.0,6.0,4.0,4.0,6.0,5.0,3.0,6.0,4.0,5.0,5.19,6,7,7,6,5,5,5,4,6,5,5,6,7,5,5,5,4,6,6,6,6.5,5.12,5.2,6.0,5,1
545,36,1,7.0,7.0,7.0,5.0,5.0,6.0,5.0,6.0,6.0,6.0,6.0,5.0,6.0,5.0,6.0,6.0,7.0,7.0,5.0,7.0,6.0,6.0,5,5,5,5,7,7,5,6,6,5,6,6,3,4,5,5,4,4,3,5,5.0,6.0,4.2,4.0,5,1
546,57,1,6.0,3.0,4.0,4.0,3.0,4.0,3.0,3.0,4.0,7.0,5.0,6.0,6.0,4.0,7.0,6.0,5.0,6.0,6.0,5.0,6.0,4.905,6,5,5,4,3,4,4,5,4,5,4,4,5,3,5,4,4,5,6,5,5.0,4.12,4.2,5.33,5,1
547,52,2,6.0,5.0,4.0,4.0,5.0,4.0,5.0,4.0,4.0,4.0,6.0,4.0,5.0,5.0,5.0,3.0,5.0,4.0,5.0,2.0,3.0,4.381,4,4,4,5,5,5,4,3,5,4,6,5,2,2,2,1,2,5,5,5,4.25,4.62,1.8,5.0,5,1
548,50,1,4.0,4.0,3.0,3.0,4.0,3.0,3.0,3.0,2.0,5.0,4.0,4.0,3.0,4.0,3.0,1.0,3.0,2.0,3.0,3.0,5.0,3.286,3,3,3,3,4,3,6,5,4,5,5,5,2,3,4,1,3,4,3,3,3.0,4.62,2.6,3.33,5,1
549,47,2,5.0,6.0,6.0,6.0,5.0,6.0,7.0,5.0,6.0,7.0,7.0,7.0,6.0,6.0,7.0,6.0,5.0,6.0,4.0,5.0,5.0,5.857,5,7,6,7,6,7,5,6,6,5,5,4,6,5,5,7,4,7,7,5,6.25,5.5,5.4,6.33,7,1
550,43,2,7.0,6.0,6.0,5.0,6.0,7.0,6.0,6.0,6.0,4.0,4.0,6.0,4.0,4.0,6.0,5.0,7.0,6.0,5.0,6.0,5.0,5.571,6,6,4,4,7,6,5,6,7,6,5,7,4,5,4,3,6,4,5,3,5.0,6.12,4.4,4.0,6,0
551,58,1,6.0,5.0,6.0,5.0,5.0,5.0,5.0,5.0,4.0,7.0,6.0,6.0,3.0,4.0,4.0,7.0,6.0,4.0,4.0,6.0,5.0,5.143,5,5,5,5,7,6,4,5,4,5,5,6,5,5,5,5,4,4,5,5,5.0,5.25,4.8,4.67,7,1
552,41,3,6.0,5.0,6.0,5.0,5.0,4.0,5.0,6.0,5.0,6.0,6.0,5.0,7.0,6.0,5.0,5.0,4.0,5.0,6.0,5.0,6.0,5.381,5,6,3,5,5,5,6,5,4,5,5,4,5,4,6,5,5,7,5,7,4.75,4.88,5.0,6.33,6,1
553,31,1,6.0,6.0,6.0,4.0,4.0,4.0,5.0,5.0,5.0,6.0,5.0,6.0,6.0,5.0,5.0,5.0,4.0,4.0,3.0,4.0,4.0,4.857,5,4,4,4,6,6,5,6,7,6,4,6,6,3,5,4,3,5,5,4,4.25,5.75,4.2,4.67,5,1
554,47,1,6.0,5.0,5.0,3.0,3.0,5.0,4.0,4.0,5.0,4.0,3.0,6.0,6.0,4.0,5.0,4.0,4.0,5.0,4.0,4.0,5.0,4.476,5,5,4,4,6,6,7,6,5,5,5,7,2,3,4,3,3,4,5,4,4.5,5.88,3.0,4.33,4,1
555,46,1,4.0,3.0,4.0,2.0,3.0,2.0,3.0,4.0,3.0,6.0,5.0,4.0,2.0,5.0,4.0,3.0,4.0,3.0,4.0,4.0,5.0,3.667,1,2,4,3,5,5,5,6,5,4,4,6,3,3,4,4,3,6,4,4,2.5,5.0,3.4,4.67,5,1
556,61,2,7.0,7.0,6.0,7.0,5.0,6.0,7.0,7.0,5.0,5.0,5.0,7.0,6.0,7.0,5.0,7.0,7.0,6.0,5.0,4.0,5.0,6.0,7,7,7,7,7,7,7,7,7,7,7,7,6,7,7,6,6,6,7,5,7.0,7.0,6.4,6.0,6,1
557,29,1,5.0,5.0,5.0,4.0,4.0,5.0,6.0,6.0,7.0,5.0,6.0,5.0,3.0,4.0,6.0,6.0,6.0,6.0,3.0,3.0,4.0,4.952,2,4,4,4,4,4,5,5,4,4,4,3,3,3,5,4,4,2,4,3,3.5,4.12,3.8,3.0,5,1
558,55,2,7.0,6.0,5.0,7.0,5.0,5.0,5.0,3.0,5.0,6.0,7.0,7.0,5.0,7.0,7.0,6.0,6.0,7.0,6.0,7.0,5.0,5.905,6,6,7,7,6,5,4,5,4,7,5,6,4,4,4,6,4,6,7,7,6.5,5.25,4.4,6.67,4,1
559,45,2,5.0,5.0,4.0,5.0,4.0,4.0,3.0,3.0,4.0,4.0,4.0,4.0,4.0,5.0,3.0,4.0,6.0,3.0,3.0,5.0,3.0,4.048,3,3,4,3,5,5,5,4,3,5,5,4,1,3,4,2,3,6,5,5,3.25,4.5,2.6,5.33,5,1
560,27,2,4.0,5.0,4.0,5.0,5.0,3.0,5.0,5.0,5.0,6.0,5.0,6.0,5.0,6.0,7.0,5.0,4.0,5.0,4.0,7.0,5.0,5.048,4,5,6,4,5,5,6,6,6,5,5,7,2,5,3,4,3,5,7,7,4.75,5.62,3.4,6.33,6,1
561,45,2,5.0,5.0,7.0,6.0,6.0,7.0,4.0,4.0,5.0,7.0,5.0,4.0,4.0,5.0,5.0,6.0,6.0,5.0,7.0,5.0,6.0,5.429,5,5,4,5,6,6,4,6,5,6,6,6,5,4,5,5,5,5,6,5,4.75,5.62,4.8,5.33,6,1
562,26,2,7.0,6.0,6.0,5.0,5.0,6.0,4.0,5.0,4.0,7.0,6.0,5.0,5.0,5.0,6.0,5.0,5.0,5.0,5.0,5.0,5.0,5.333,4,4,4,3,5,4,6,6,6,4,5,4,5,4,3,4,5,6,5,6,3.75,5.0,4.2,5.67,4,1
563,58,1,6.0,6.0,6.0,5.0,5.0,6.0,7.0,6.0,6.0,7.0,5.0,6.0,7.0,4.0,6.0,4.0,5.0,6.0,4.0,5.0,6.0,5.619,6,5,5,6,6,6,5,5,7,5,7,4,6,6,6,5,6,5,5,6,5.5,5.62,5.8,5.33,5,1
564,50,2,6.0,6.0,6.0,5.0,6.0,5.0,7.0,7.0,6.0,5.0,7.0,3.0,6.0,6.0,7.0,6.0,7.0,5.0,5.0,6.0,6.0,5.857,7,7,7,7,7,7,7,7,7,6,6,6,6,5,6,5,4,5,5,5,7.0,6.62,5.2,5.0,5,1
565,57,2,4.0,5.0,5.0,5.0,5.0,4.0,5.0,7.0,4.0,4.0,5.0,6.0,6.0,6.0,6.0,6.0,4.0,5.0,4.0,4.0,4.0,4.952,6,7,6,5,5,6,6,6,5,5,5,5,6,4,6,7,6,4,5,4,6.0,5.38,5.8,4.33,3,1
566,34,2,4.0,4.0,4.0,3.0,3.0,5.0,5.0,5.0,4.0,5.0,5.0,6.0,4.0,4.0,6.0,3.0,5.0,3.0,3.0,3.0,2.0,4.095,6,4,4,4,5,5,4,6,4,5,5,5,4,3,4,4,3,6,6,6,4.5,4.88,3.6,6.0,5,1
567,41,1,6.0,7.0,6.0,5.0,6.0,6.0,4.0,4.0,4.0,5.0,5.0,6.0,6.0,6.0,6.0,6.0,5.0,6.0,4.0,3.0,2.0,5.143,6,6,4,5,6,4,6,5,5,6,6,6,5,5,3,4,4,6,6,5,5.25,5.5,4.2,5.67,4,1
568,62,1,7.0,6.0,5.0,5.0,6.0,7.0,5.0,5.0,6.0,7.0,6.0,6.0,6.0,6.0,7.0,6.0,6.0,6.0,6.0,6.0,7.0,6.048,6,5,6,6,4,5,6,4,5,4,5,5,5,3,4,6,3,6,6,6,5.75,4.75,4.2,6.0,5,1
569,32,3,3.0,3.0,4.0,4.0,3.0,4.0,3.0,3.0,2.0,4.0,4.0,3.0,4.0,6.0,5.0,3.0,3.0,3.0,2.0,3.0,3.0,3.429,4,5,4,4,4,5,5,5,5,5,4,5,5,4,4,3,4,5,5,6,4.25,4.75,4.0,5.33,2,1
570,45,1,5.0,6.0,5.0,4.0,6.0,6.0,6.0,6.0,5.0,4.0,5.0,6.0,5.0,6.0,6.0,4.0,5.0,5.0,6.0,6.0,5.0,5.333,6,6,5,5,6,5,6,5,6,6,5,5,6,6,7,5,6,7,7,5,5.5,5.5,6.0,6.33,6,1
571,67,2,7.0,6.0,7.0,5.0,5.0,5.0,7.0,6.0,6.0,7.0,7.0,7.0,6.0,6.0,5.0,5.0,6.0,5.0,4.0,5.0,6.0,5.857,7,5,6,7,4,4,5,5,4,4,4,5,5,4,5,5,5,6,6,5,6.25,4.38,4.8,5.67,4,1
572,75,2,6.0,6.0,7.0,6.0,5.0,5.0,4.0,5.0,4.0,5.0,5.0,4.0,6.0,6.0,5.0,5.0,4.0,5.0,5.0,6.0,5.0,5.19,6,6,6,6,5,6,6,7,7,6,5,6,4,4,5,6,4,6,7,6,6.0,6.0,4.6,6.33,5,1
573,73,3,3.0,3.0,4.0,2.0,3.0,3.0,5.0,5.0,6.0,4.0,4.0,3.0,4.0,4.0,3.0,5.0,4.0,4.0,2.0,3.0,3.0,3.667,5,5,5,3,5,6,6,5,5,5,6,5,4,5,4,5,5,5,5,5,4.5,5.38,4.6,5.0,4,1
574,46,1,5.0,6.0,6.0,4.0,5.0,6.0,6.0,6.0,7.0,7.0,7.0,7.0,6.0,6.0,7.0,7.0,7.0,7.0,5.0,5.0,5.0,6.048,4,4,5,5,4,4,4,5,4,4,5,4,2,4,3,4,4,4,4,3,4.5,4.25,3.4,3.67,7,1
575,38,1,4.0,4.0,4.0,4.0,3.0,4.0,7.0,6.0,6.0,3.0,3.0,6.0,5.0,4.0,6.0,3.0,5.0,4.0,4.0,4.0,5.0,4.476,6,5,5,5,6,7,6,5,6,6,5,6,5,6,4,5,6,4,5,3,5.25,5.88,5.2,4.0,5,1
576,31,2,6.0,6.0,6.0,4.0,2.0,3.0,6.0,5.0,5.0,4.0,6.0,5.0,4.0,3.0,5.0,6.0,3.0,5.0,4.0,4.0,5.0,4.619,5,6,6,5,5,5,5,4,5,5,5,6,7,4,4,5,6,5,6,5,5.5,5.0,5.2,5.33,6,1
577,40,2,4.0,5.0,4.0,6.0,5.0,4.0,5.0,4.0,5.0,7.0,7.0,5.0,5.0,3.0,3.0,4.0,5.0,4.0,4.0,4.0,4.0,4.619,4,3,4,4,5,6,4,4,3,4,3,4,4,4,5,4,5,4,6,5,3.75,4.12,4.4,5.0,3,1
578,49,2,7.0,7.0,5.0,5.0,6.0,5.0,6.0,5.0,5.0,4.0,5.0,6.0,5.0,5.0,5.0,5.0,6.0,7.0,4.0,5.0,4.0,5.333,6,5,6,5,5,4,6,5,5,6,4,4,4,5,6,5,4,7,5,6,5.5,4.88,4.8,6.0,3,1
579,42,1,5.0,6.0,5.0,4.0,4.0,4.0,4.0,5.0,4.0,5.0,6.0,5.0,5.0,6.0,5.0,6.0,5.0,5.0,4.0,5.0,6.0,4.952,4,5,5,4,5,7,6,5,6,5,6,6,4,7,6,5,6,5,5,5,4.5,5.75,5.6,5.0,4,1
580,32,1,4.0,3.0,5.0,2.0,4.0,3.0,3.0,4.0,4.0,5.0,5.0,4.0,3.0,5.0,4.0,4.0,3.0,4.0,2.0,3.0,3.0,3.667,2,2,2,3,6,6,6,6,7,5,7,5,3,2,2,3,2,2,4,4,2.25,6.0,2.4,3.33,2,1
581,46,2,6.0,5.0,6.0,4.0,5.0,4.0,4.0,4.0,5.0,6.0,5.0,7.0,6.0,5.0,5.0,4.0,5.0,5.0,4.0,6.0,6.0,5.095,6,5,6,5,6,5,4,5,5,5,5,6,6,4,6,5,4,6,5,5,5.5,5.12,5.0,5.33,4,1
582,68,2,6.0,4.0,6.0,7.0,5.0,4.0,6.0,5.0,7.0,6.0,5.0,5.0,4.0,6.0,5.0,5.0,6.0,5.0,6.0,5.0,6.0,5.429,5,6,6,6,6,6,5,7,6,7,6,6,5,4,4,4,3,7,5,6,5.75,6.12,4.0,6.0,6,1
583,47,1,6.0,6.0,5.0,5.0,5.0,5.0,7.0,7.0,6.0,6.0,7.0,5.0,4.0,2.0,4.0,7.0,6.0,6.0,5.0,5.0,4.0,5.381,6,7,7,6,6,6,6,7,5,7,7,7,6,6,6,5,7,5,4,4,6.5,6.38,6.0,4.33,5,1
584,67,2,6.0,7.0,7.0,7.0,5.0,7.0,5.0,7.0,7.0,6.0,6.0,6.0,7.0,5.0,7.0,4.0,5.0,6.0,7.0,5.0,7.0,6.143,7,7,6,7,7,7,7,7,7,7,7,7,3,3,4,5,4,7,6,6,6.75,7.0,3.8,6.33,5,1
585,30,2,6.0,6.0,6.0,7.0,3.0,6.0,6.0,6.0,6.0,5.0,7.0,5.0,6.0,5.0,4.0,5.0,7.0,6.0,4.0,4.0,4.0,5.429,6,6,7,5,5,6,5,6,5,6,7,7,5,4,5,5,4,4,5,5,6.0,5.88,4.6,4.67,7,1
586,25,2,5.0,4.0,4.0,5.0,5.0,4.0,4.0,5.0,4.0,3.0,5.0,4.0,3.0,4.0,4.0,3.0,4.0,5.0,5.0,3.0,4.0,4.143,3,1,2,1,5,5,4,6,6,4,5,5,4,2,3,4,4,3,4,4,1.75,5.0,3.4,3.67,4,1
587,62,1,7.0,7.0,6.0,6.0,6.0,4.0,6.0,6.0,6.0,5.0,4.0,4.0,5.0,5.0,5.0,5.0,7.0,6.0,5.0,5.0,5.0,5.476,6,6,6,6,5,5,7,6,5,5,6,6,6,5,6,5,5,5,4,4,6.0,5.62,5.4,4.33,4,1
588,59,2,5.0,7.0,4.0,4.0,5.0,5.0,6.0,5.0,5.0,6.0,5.0,4.0,5.0,5.0,4.0,4.0,4.0,4.0,5.0,5.0,5.0,4.857,2,4,4,4,6,6,6,5,6,6,5,6,3,4,4,3,4,3,4,4,3.5,5.75,3.6,3.67,2,1
589,41,1,2.0,3.0,3.0,3.0,3.0,3.0,4.0,5.0,5.0,5.0,5.0,4.0,4.0,4.0,3.0,3.0,3.0,2.0,2.0,3.0,3.0,3.429,5,5,5,4,4,4,4,6,4,5,5,4,5,7,5,5,5,5,4,3,4.75,4.5,5.4,4.0,4,1
590,49,1,5.0,4.0,4.0,4.0,4.0,4.0,5.0,2.0,4.0,4.0,3.0,5.0,4.0,4.0,3.0,4.0,3.0,5.0,4.0,3.0,3.0,3.857,7,6,7,6,5,5,5,6,6,6,7,6,6,6,5,5,4,6,5,6,6.5,5.75,5.2,5.67,3,1
