id,age,gender,cond,mil_t1,hjs_p1,hjs_p2,hjs_p3,hjs_s1,hjs_s2,hjs_s3,hjs_q1,hjs_q2,hjs_q3,hjs_a1,hjs_a2,hjs_a3,hjs_c1,hjs_c2,hjs_c3,hjs_t1,hjs_t2,hjs_t3,hjs_l1,hjs_l2,hjs_l3,hjs,mil,flr,attn_1
1,36,1,1,3.75,6.0,7.0,4.0,4.0,5.0,5.0,5.0,5.0,4.0,7.0,5.0,6.0,4.0,4.0,4.0,3.0,5.0,6.0,4.0,4.0,5.0,4.857,2.75,4.38,1
2,25,2,0,7.0,5.0,6.0,5.0,5.0,5.0,5.0,6.0,6.0,6.0,7.0,6.0,7.0,4.0,4.0,4.0,6.0,6.0,7.0,5.0,5.0,6.0,5.524,6.0,4.75,1
3,40,2,0,5.25,5.0,4.0,4.0,4.0,5.0,4.0,3.0,4.0,4.0,4.0,3.0,2.0,5.0,5.0,6.0,3.0,6.0,3.0,5.0,4.0,5.0,4.19,6.25,4.88,1
4,35,1,1,5.0,7.0,7.0,5.0,4.0,6.0,4.0,5.0,6.0,4.0,7.0,6.0,7.0,6.0,4.0,3.0,6.0,6.0,6.0,5.0,5.0,6.0,5.476,5.0,5.5,1
5,18,2,1,4.0,5.0,5.0,6.0,5.0,5.0,4.0,7.0,7.0,7.0,5.0,5.0,6.0,5.0,5.0,5.0,6.0,5.0,6.0,6.0,6.0,5.0,5.524,6.75,5.88,1
6,48,2,0,3.25,4.0,3.0,4.0,4.0,4.0,4.0,5.0,4.0,5.0,5.0,4.0,6.0,5.0,3.0,2.0,5.0,7.0,6.0,3.0,3.0,3.0,4.238,3.25,3.62,1
7,44,2,1,6.0,3.0,4.0,4.0,5.0,5.0,6.0,6.0,5.0,5.0,6.0,5.0,6.0,5.0,5.0,7.0,5.0,5.0,5.0,3.0,4.0,4.0,4.905,5.5,4.62,1
8,31,2,0,3.25,4.0,4.0,5.0,3.0,4.0,3.0,3.0,5.0,4.0,5.0,5.0,4.0,5.0,6.0,5.0,5.0,4.0,4.0,4.0,4.0,5.0,4.333,4.25,4.75,1
9,22,1,0,4.0,4.0,5.0,5.0,4.0,3.0,3.0,6.0,6.0,5.0,5.0,5.0,5.0,4.0,3.0,4.0,5.0,3.0,4.0,4.0,3.0,4.0,4.286,3.25,3.75,1
10,33,2,0,6.0,6.0,5.0,3.0,5.0,5.0,5.0,5.0,5.0,5.0,7.0,6.0,7.0,6.0,6.0,7.0,7.0,5.0,5.0,4.0,4.0,4.0,5.333,5.75,4.88,1
11,40,2,0,3.75,7.0,4.0,5.0,4.0,4.0,2.0,3.0,4.0,4.0,4.0,5.0,5.0,5.0,6.0,5.0,4.0,3.0,4.0,5.0,6.0,5.0,4.476,3.75,3.62,1
12,50,1,1,2.25,1.0,1.0,1.0,6.0,6.0,4.0,4.0,3.0,2.0,4.0,2.0,3.0,3.0,5.0,4.0,2.0,2.0,2.0,4.0,4.0,3.0,3.143,2.5,3.88,1
13,32,2,0,3.5,4.0,3.0,3.0,4.0,4.0,3.0,5.0,4.0,4.0,5.0,3.0,4.0,3.0,4.0,4.0,3.0,4.0,3.0,4.0,4.0,4.0,3.762,3.25,4.88,1
14,46,1,0,6.75,6.0,7.0,7.0,7.0,6.0,6.0,7.0,7.0,7.0,7.0,6.0,7.0,7.0,7.0,7.0,7.0,7.0,7.0,7.0,6.0,6.0,6.714,6.25,6.88,1
15,60,1,0,6.25,5.0,5.0,6.0,6.0,4.0,6.0,5.0,5.0,5.0,4.0,6.0,5.0,5.0,6.0,6.0,5.0,6.0,6.0,3.0,5.0,4.0,5.143,6.5,6.0,1
16,39,2,0,5.75,4.0,4.0,3.0,6.0,6.0,6.0,7.0,6.0,6.0,6.0,5.0,5.0,6.0,6.0,5.0,4.0,4.0,4.0,4.0,5.0,5.0,5.095,4.75,5.0,1
17,29,1,0,6.5,7.0,7.0,5.0,5.0,6.0,6.0,7.0,7.0,7.0,6.0,6.0,7.0,6.0,7.0,7.0,7.0,6.0,7.0,7.0,4.0,7.0,6.381,6.5,5.38,1
18,33,1,0,3.5,7.0,5.0,7.0,3.0,4.0,3.0,3.0,4.0,3.0,3.0,4.0,5.0,5.0,5.0,3.0,4.0,4.0,3.0,4.0,4.0,4.0,4.143,4.0,4.0,1
19,21,2,1,2.5,3.0,4.0,4.0,3.0,4.0,3.0,5.0,5.0,4.0,3.0,2.0,3.0,6.0,6.0,5.0,4.0,6.0,4.0,3.0,3.0,4.0,4.0,4.5,3.25,1
20,26,1,1,5.0,7.0,7.0,7.0,5.0,6.0,6.0,7.0,7.0,7.0,7.0,6.0,6.0,7.0,6.0,7.0,5.0,6.0,6.0,6.0,5.0,6.0,6.286,7.0,6.5,1
21,30,1,0,4.25,3.0,4.0,5.0,4.0,5.0,5.0,5.0,3.0,4.0,7.0,6.0,6.0,6.0,7.0,6.0,5.0,4.0,6.0,3.0,4.0,4.0,4.857,5.5,5.12,1
22,28,2,1,4.0,5.0,7.0,6.0,5.0,6.0,6.0,6.0,6.0,6.0,6.0,7.0,6.0,7.0,6.0,7.0,7.0,7.0,7.0,6.0,6.0,6.0,6.238,6.75,5.0,1
23,24,1,0,4.25,5.0,4.0,5.0,4.0,3.0,2.0,5.0,5.0,6.0,3.0,5.0,1.0,5.0,5.0,4.0,4.0,4.0,3.0,4.0,4.0,4.0,4.048,2.25,4.12,1
24,30,1,1,6.0,6.0,6.0,6.0,5.0,5.0,5.0,5.0,6.0,6.0,5.0,5.0,5.0,6.0,4.0,6.0,5.0,6.0,5.0,6.0,6.0,6.0,5.476,5.0,6.62,1
25,51,1,0,5.5,5.0,4.0,4.0,3.0,5.0,3.0,5.0,4.0,5.0,5.0,6.0,5.0,6.0,5.0,6.0,6.0,6.0,6.0,5.0,5.0,3.0,4.857,5.25,5.0,1
26,40,2,1,3.75,5.0,6.0,5.0,5.0,4.0,4.0,6.0,6.0,6.0,2.0,3.0,4.0,4.0,4.0,5.0,5.0,6.0,6.0,5.0,3.0,3.0,4.619,4.25,4.5,1
27,26,1,0,4.5,6.0,7.0,6.0,7.0,5.0,7.0,6.0,7.0,7.0,7.0,7.0,5.0,7.0,4.0,5.0,7.0,7.0,7.0,7.0,6.0,6.0,6.333,5.25,5.25,1
28,31,1,1,6.5,7.0,6.0,6.0,5.0,5.0,6.0,5.0,6.0,6.0,6.0,7.0,7.0,5.0,4.0,6.0,5.0,5.0,5.0,5.0,5.0,5.0,5.571,6.25,5.75,1
29,37,1,1,6.75,7.0,7.0,7.0,5.0,4.0,5.0,7.0,6.0,6.0,7.0,7.0,7.0,7.0,7.0,6.0,6.0,5.0,4.0,6.0,5.0,7.0,6.095,6.5,7.0,1
30,34,1,0,4.75,6.0,3.0,5.0,7.0,6.0,6.0,5.0,4.0,5.0,4.0,5.0,6.0,6.0,5.0,6.0,4.0,3.0,5.0,4.0,5.0,4.0,4.952,3.75,5.12,1
31,46,1,1,6.0,5.0,5.0,4.0,5.0,5.0,6.0,4.0,4.0,4.0,6.0,7.0,6.0,4.0,5.0,6.0,3.0,4.0,5.0,5.0,4.0,6.0,4.905,6.5,4.62,1
32,35,1,1,4.0,6.0,5.0,6.0,4.0,5.0,6.0,5.0,5.0,5.0,4.0,6.0,4.0,4.0,3.0,5.0,6.0,4.0,7.0,5.0,4.0,4.0,4.905,6.5,5.5,1
33,30,1,1,2.75,4.0,4.0,4.0,4.0,2.0,1.0,3.0,4.0,4.0,5.0,5.0,4.0,2.0,4.0,3.0,3.0,3.0,3.0,2.0,2.0,2.0,3.238,5.5,4.5,1
34,20,2,0,3.5,3.0,5.0,5.0,6.0,6.0,6.0,4.0,3.0,5.0,4.0,4.0,4.0,5.0,4.0,4.0,7.0,4.0,5.0,5.0,3.0,4.0,4.571,4.0,4.75,0
35,46,1,0,3.25,4.0,4.0,4.0,5.0,5.0,6.0,6.0,6.0,6.0,5.0,4.0,6.0,6.0,6.0,6.0,6.0,4.0,3.0,6.0,6.0,5.0,5.19,4.75,5.75,1
36,55,2,0,2.25,4.0,4.0,4.0,4.0,6.0,4.0,4.0,5.0,5.0,3.0,5.0,4.0,4.0,6.0,4.0,5.0,5.0,6.0,3.0,3.0,4.0,4.381,3.5,4.88,1
37,51,2,1,5.75,5.0,5.0,4.0,5.0,5.0,5.0,7.0,7.0,7.0,7.0,6.0,7.0,5.0,6.0,5.0,6.0,7.0,7.0,5.0,4.0,4.0,5.667,6.25,6.62,1
38,25,2,1,4.75,6.0,7.0,6.0,5.0,5.0,5.0,6.0,6.0,7.0,6.0,3.0,6.0,6.0,5.0,6.0,7.0,6.0,6.0,5.0,4.0,5.0,5.619,4.75,6.5,1
39,39,2,0,5.75,5.0,5.0,4.0,6.0,6.0,3.0,6.0,6.0,5.0,7.0,5.0,5.0,6.0,5.0,6.0,5.0,6.0,5.0,5.0,4.0,5.0,5.238,6.75,5.5,1
40,34,2,1,4.25,4.0,4.0,5.0,4.0,3.0,5.0,4.0,4.0,4.0,7.0,5.0,4.0,5.0,6.0,5.0,4.0,4.0,3.0,4.0,4.0,6.0,4.476,5.25,5.25,1
41,18,2,0,5.75,4.0,4.0,4.0,4.0,4.0,4.0,4.0,3.0,3.0,4.0,4.0,3.0,4.0,3.0,3.0,4.0,2.0,4.0,2.0,3.0,3.0,3.476,3.25,6.62,1
42,25,2,0,6.5,5.0,6.0,6.0,5.0,7.0,7.0,7.0,5.0,5.0,7.0,6.0,5.0,5.0,5.0,3.0,6.0,6.0,6.0,6.0,6.0,5.0,5.667,6.5,6.12,0
43,34,2,0,5.5,6.0,6.0,5.0,6.0,7.0,7.0,7.0,7.0,7.0,6.0,5.0,5.0,7.0,7.0,7.0,7.0,7.0,6.0,5.0,6.0,5.0,6.238,5.25,5.75,1
44,26,2,0,6.5,7.0,7.0,6.0,7.0,6.0,6.0,6.0,6.0,6.0,7.0,7.0,7.0,6.0,5.0,7.0,5.0,5.0,5.0,5.0,5.0,5.0,6.0,5.75,5.75,1
45,25,1,1,4.25,6.0,5.0,4.0,4.0,5.0,4.0,4.0,3.0,4.0,5.0,5.0,5.0,5.0,3.0,5.0,5.0,6.0,5.0,4.0,4.0,5.0,4.571,6.5,5.62,1
46,23,2,0,5.75,2.0,2.0,3.0,3.0,5.0,3.0,4.0,3.0,4.0,7.0,6.0,4.0,4.0,3.0,4.0,3.0,2.0,3.0,5.0,5.0,4.0,3.762,4.25,6.0,1
47,36,1,0,5.25,4.0,4.0,4.0,4.0,3.0,5.0,6.0,6.0,7.0,5.0,6.0,6.0,3.0,5.0,6.0,7.0,6.0,7.0,6.0,5.0,5.0,5.238,4.75,6.25,1
48,33,1,0,5.25,4.0,5.0,5.0,5.0,5.0,5.0,7.0,5.0,5.0,4.0,5.0,5.0,5.0,4.0,4.0,4.0,5.0,4.0,4.0,4.0,4.0,4.667,3.5,5.88,1
49,53,2,1,5.5,7.0,6.0,6.0,7.0,5.0,6.0,6.0,6.0,7.0,3.0,5.0,3.0,5.0,5.0,6.0,5.0,7.0,5.0,4.0,4.0,6.0,5.429,5.75,5.75,1
50,46,1,1,4.5,5.0,6.0,6.0,5.0,6.0,5.0,4.0,5.0,5.0,6.0,5.0,4.0,4.0,5.0,4.0,6.0,5.0,5.0,4.0,4.0,6.0,5.0,2.25,4.12,1
51,34,1,0,4.75,6.0,6.0,7.0,5.0,5.0,5.0,7.0,7.0,7.0,5.0,6.0,5.0,4.0,7.0,6.0,5.0,4.0,5.0,4.0,5.0,5.0,5.524,4.25,5.75,1
52,36,2,0,4.0,5.0,5.0,5.0,5.0,6.0,6.0,6.0,6.0,6.0,7.0,5.0,5.0,5.0,4.0,5.0,4.0,4.0,5.0,6.0,4.0,5.0,5.19,3.0,5.12,1
53,50,2,1,4.25,4.0,2.0,3.0,4.0,3.0,6.0,5.0,4.0,4.0,3.0,2.0,4.0,3.0,4.0,4.0,4.0,4.0,5.0,4.0,4.0,4.0,3.81,5.5,5.62,1
54,24,2,0,5.5,5.0,6.0,5.0,3.0,5.0,6.0,6.0,6.0,6.0,7.0,7.0,5.0,7.0,7.0,7.0,5.0,6.0,7.0,6.0,4.0,5.0,5.762,5.5,6.25,1
55,26,2,0,6.25,5.0,5.0,5.0,7.0,4.0,6.0,3.0,4.0,5.0,4.0,4.0,4.0,4.0,3.0,4.0,6.0,6.0,5.0,4.0,4.0,4.0,4.571,6.5,5.88,1
56,49,2,0,5.75,7.0,7.0,7.0,6.0,6.0,7.0,7.0,7.0,7.0,6.0,7.0,6.0,7.0,6.0,7.0,5.0,6.0,5.0,6.0,7.0,6.0,6.429,7.0,6.75,1
57,60,1,0,3.5,5.0,7.0,6.0,5.0,5.0,5.0,6.0,6.0,6.0,7.0,7.0,5.0,7.0,7.0,7.0,5.0,6.0,6.0,6.0,5.0,6.0,5.952,3.0,4.88,1
58,60,1,1,5.0,7.0,7.0,7.0,7.0,7.0,7.0,5.0,5.0,5.0,5.0,4.0,6.0,6.0,7.0,5.0,7.0,7.0,6.0,6.0,6.0,5.0,6.048,5.0,6.62,1
59,35,1,0,3.5,6.0,5.0,6.0,5.0,4.0,5.0,5.0,5.0,5.0,4.0,4.0,3.0,4.0,5.0,5.0,4.0,4.0,5.0,4.0,3.0,4.0,4.524,2.75,4.5,1
60,29,2,1,4.25,5.0,5.0,6.0,4.0,5.0,5.0,4.0,6.0,6.0,6.0,7.0,6.0,7.0,5.0,5.0,5.0,5.0,6.0,6.0,7.0,6.0,5.571,3.75,5.75,1
61,35,1,0,4.0,5.0,6.0,5.0,3.0,4.0,4.0,4.0,4.0,5.0,4.0,4.0,4.0,6.0,7.0,5.0,3.0,6.0,3.0,5.0,4.0,5.0,4.571,4.25,5.75,1
62,48,2,0,5.75,4.0,4.0,4.0,5.0,6.0,5.0,5.0,5.0,5.0,5.0,7.0,5.0,4.0,4.0,3.0,5.0,5.0,6.0,5.0,5.0,5.0,4.857,3.75,5.75,1
63,30,2,1,4.75,7.0,7.0,6.0,4.0,7.0,5.0,6.0,7.0,6.0,5.0,4.0,5.0,5.0,7.0,6.0,5.0,6.0,6.0,7.0,6.0,6.0,5.857,5.0,6.88,1
64,51,1,0,5.25,6.0,5.0,6.0,5.0,4.0,2.0,6.0,6.0,4.0,7.0,6.0,6.0,5.0,5.0,5.0,5.0,6.0,4.0,7.0,6.0,6.0,5.333,5.5,5.0,1
65,36,1,0,3.5,4.0,5.0,4.0,4.0,6.0,5.0,4.0,4.0,4.0,4.0,5.0,5.0,4.0,4.0,5.0,6.0,5.0,6.0,2.0,2.0,2.0,4.286,2.0,4.0,1
66,51,1,1,5.0,4.0,4.0,3.0,5.0,4.0,4.0,6.0,6.0,5.0,5.0,5.0,6.0,5.0,6.0,5.0,5.0,4.0,5.0,6.0,5.0,7.0,5.0,5.0,6.12,1
67,20,1,0,4.5,3.0,3.0,4.0,3.0,4.0,3.0,4.0,5.0,3.0,4.0,4.0,3.0,4.0,1.0,4.0,3.0,3.0,3.0,2.0,3.0,3.0,3.286,3.5,5.0,1
68,34,2,1,4.25,3.0,3.0,3.0,4.0,5.0,4.0,5.0,4.0,5.0,5.0,5.0,6.0,5.0,5.0,5.0,6.0,5.0,5.0,3.0,4.0,3.0,4.429,6.75,4.75,1
69,20,1,1,6.25,7.0,7.0,5.0,4.0,5.0,5.0,6.0,6.0,7.0,7.0,6.0,6.0,6.0,6.0,7.0,3.0,4.0,5.0,3.0,5.0,4.0,5.429,7.0,5.75,1
70,36,2,0,5.0,5.0,4.0,3.0,6.0,4.0,3.0,3.0,4.0,3.0,4.0,6.0,4.0,4.0,5.0,6.0,4.0,5.0,5.0,6.0,5.0,4.0,4.429,6.5,5.88,1
71,65,2,0,4.5,5.0,4.0,4.0,5.0,6.0,7.0,6.0,6.0,6.0,5.0,5.0,5.0,6.0,7.0,6.0,7.0,6.0,7.0,5.0,5.0,5.0,5.619,4.25,5.75,1
72,30,2,1,6.75,7.0,7.0,7.0,7.0,6.0,5.0,6.0,6.0,6.0,7.0,5.0,6.0,5.0,7.0,6.0,6.0,6.0,6.0,6.0,6.0,6.0,6.143,7.0,7.0,1
73,36,2,1,6.75,4.0,2.0,4.0,5.0,5.0,4.0,6.0,6.0,5.0,4.0,3.0,4.0,5.0,6.0,6.0,7.0,7.0,6.0,6.0,4.0,5.0,4.952,5.5,5.25,1
74,29,2,1,6.0,6.0,5.0,5.0,4.0,6.0,6.0,5.0,4.0,5.0,6.0,4.0,5.0,5.0,6.0,7.0,5.0,7.0,6.0,4.0,4.0,5.0,5.238,6.25,6.0,1
75,45,2,1,5.75,4.0,5.0,5.0,5.0,6.0,5.0,6.0,5.0,5.0,5.0,5.0,7.0,6.0,6.0,5.0,4.0,6.0,7.0,7.0,5.0,6.0,5.476,5.5,7.0,1
76,47,2,1,5.25,7.0,6.0,5.0,7.0,6.0,6.0,7.0,6.0,6.0,6.0,6.0,5.0,5.0,6.0,6.0,7.0,7.0,7.0,7.0,6.0,5.0,6.143,4.25,5.12,1
77,33,1,1,4.0,5.0,6.0,4.0,5.0,4.0,5.0,5.0,4.0,5.0,6.0,6.0,7.0,6.0,5.0,5.0,5.0,5.0,5.0,3.0,3.0,4.0,4.905,3.5,5.5,1
78,30,1,1,5.5,6.0,7.0,6.0,6.0,6.0,6.0,7.0,7.0,7.0,7.0,5.0,6.0,6.0,6.0,7.0,6.0,7.0,6.0,6.0,6.0,6.0,6.286,4.75,5.38,1
79,30,2,1,3.0,5.0,4.0,5.0,4.0,4.0,5.0,5.0,6.0,5.0,5.0,7.0,7.0,7.0,4.0,7.0,5.0,6.0,5.0,4.0,4.0,4.0,5.143,3.0,6.0,1
80,47,1,0,4.5,4.0,6.0,6.0,5.0,5.0,5.0,6.0,7.0,7.0,6.0,6.0,4.0,5.0,6.0,5.0,5.0,5.0,4.0,4.0,5.0,5.0,5.286,4.75,5.12,1
81,37,1,1,4.0,4.0,4.0,5.0,4.0,4.0,4.0,5.0,3.0,4.0,6.0,3.0,4.0,7.0,6.0,5.0,3.0,6.0,5.0,5.0,4.0,5.0,4.571,3.75,3.38,1
82,46,1,0,7.0,6.0,6.0,6.0,7.0,7.0,7.0,6.0,7.0,6.0,6.0,6.0,7.0,6.0,6.0,6.0,5.0,4.0,5.0,5.0,6.0,5.0,5.952,6.75,6.0,1
83,18,1,0,5.25,5.0,5.0,5.0,4.0,4.0,3.0,5.0,4.0,5.0,5.0,4.0,5.0,6.0,6.0,5.0,4.0,4.0,4.0,5.0,4.0,5.0,4.619,5.25,5.25,1
84,48,2,0,6.25,7.0,6.0,7.0,7.0,6.0,6.0,7.0,7.0,6.0,7.0,7.0,6.0,7.0,7.0,7.0,6.0,5.0,6.0,7.0,7.0,6.0,6.524,6.75,6.38,1
85,18,1,0,3.5,3.0,3.0,3.0,4.0,4.0,4.0,4.0,4.0,4.0,7.0,5.0,5.0,3.0,3.0,3.0,3.0,3.0,4.0,5.0,4.0,5.0,3.952,3.25,4.25,1
86,25,1,1,6.5,7.0,7.0,7.0,7.0,7.0,7.0,5.0,6.0,6.0,7.0,5.0,7.0,7.0,7.0,7.0,6.0,6.0,7.0,5.0,5.0,6.0,6.381,7.0,7.0,1
87,50,1,0,4.0,3.0,5.0,5.0,4.0,4.0,5.0,5.0,4.0,4.0,7.0,6.0,6.0,6.0,6.0,5.0,5.0,4.0,6.0,3.0,5.0,2.0,4.762,1.0,4.62,1
88,52,1,1,3.5,5.0,4.0,4.0,4.0,5.0,4.0,4.0,4.0,5.0,6.0,7.0,5.0,6.0,5.0,5.0,6.0,6.0,7.0,5.0,6.0,6.0,5.19,4.75,5.12,1
89,33,1,0,6.75,5.0,5.0,4.0,4.0,5.0,4.0,4.0,4.0,4.0,4.0,4.0,4.0,4.0,4.0,5.0,5.0,5.0,6.0,5.0,4.0,5.0,4.476,7.0,6.88,1
90,45,1,1,6.0,5.0,4.0,5.0,6.0,6.0,6.0,7.0,6.0,6.0,6.0,5.0,6.0,4.0,6.0,5.0,4.0,5.0,4.0,6.0,5.0,6.0,5.381,6.0,4.88,0
91,18,1,0,6.0,5.0,5.0,5.0,4.0,6.0,6.0,5.0,5.0,6.0,5.0,6.0,6.0,5.0,4.0,5.0,5.0,4.0,5.0,5.0,5.0,5.0,5.095,6.25,4.5,1
92,38,2,1,5.5,5.0,6.0,4.0,5.0,5.0,5.0,6.0,7.0,6.0,6.0,6.0,7.0,7.0,6.0,6.0,5.0,7.0,6.0,6.0,6.0,6.0,5.857,7.0,5.75,1
93,41,1,1,5.0,7.0,7.0,7.0,6.0,6.0,7.0,7.0,6.0,6.0,7.0,7.0,7.0,7.0,7.0,5.0,7.0,6.0,7.0,5.0,6.0,7.0,6.524,5.25,4.75,1
94,41,1,1,4.75,5.0,6.0,5.0,4.0,5.0,6.0,5.0,6.0,5.0,6.0,6.0,5.0,5.0,6.0,6.0,4.0,4.0,5.0,4.0,3.0,5.0,5.048,5.5,4.12,1
95,33,1,1,3.0,6.0,4.0,3.0,5.0,3.0,5.0,4.0,3.0,5.0,5.0,2.0,4.0,4.0,6.0,3.0,4.0,5.0,5.0,4.0,5.0,3.0,4.19,5.25,4.75,1
96,22,2,0,5.25,5.0,5.0,5.0,5.0,3.0,4.0,4.0,4.0,4.0,6.0,4.0,6.0,6.0,6.0,6.0,5.0,4.0,7.0,6.0,7.0,7.0,5.19,3.0,4.25,1
97,32,2,0,4.75,5.0,5.0,5.0,4.0,5.0,5.0,6.0,5.0,6.0,7.0,5.0,5.0,6.0,5.0,5.0,5.0,6.0,7.0,3.0,4.0,4.0,5.143,3.5,5.38,1
98,34,2,0,5.0,4.0,3.0,4.0,7.0,6.0,7.0,6.0,7.0,7.0,7.0,7.0,6.0,6.0,5.0,6.0,5.0,5.0,5.0,6.0,6.0,6.0,5.762,5.25,4.38,1
99,75,2,0,1.5,5.0,6.0,6.0,5.0,4.0,6.0,4.0,5.0,3.0,6.0,5.0,4.0,4.0,5.0,5.0,6.0,5.0,7.0,4.0,3.0,5.0,4.905,4.25,5.88,1
100,36,1,1,6.75,6.0,6.0,6.0,7.0,7.0,7.0,6.0,7.0,7.0,7.0,7.0,6.0,5.0,5.0,6.0,7.0,5.0,7.0,5.0,6.0,5.0,6.19,7.0,5.88,1
101,26,1,0,5.75,6.0,5.0,6.0,5.0,4.0,5.0,5.0,4.0,4.0,4.0,4.0,4.0,4.0,4.0,4.0,6.0,6.0,6.0,4.0,4.0,4.0,4.667,5.5,5.62,1
102,18,2,0,5.5,7.0,7.0,6.0,5.0,7.0,7.0,5.0,6.0,5.0,6.0,5.0,6.0,5.0,7.0,6.0,4.0,6.0,5.0,4.0,4.0,3.0,5.524,4.5,6.38,1
103,29,1,0,4.25,6.0,5.0,6.0,5.0,7.0,6.0,5.0,5.0,4.0,6.0,7.0,6.0,5.0,5.0,6.0,6.0,5.0,5.0,7.0,5.0,6.0,5.619,4.75,5.62,1
104,26,2,1,4.5,2.0,2.0,4.0,2.0,2.0,4.0,5.0,5.0,4.0,5.0,4.0,3.0,5.0,4.0,5.0,3.0,3.0,4.0,4.0,4.0,2.0,3.619,4.0,5.12,1
105,18,1,1,6.25,6.0,7.0,7.0,7.0,6.0,6.0,6.0,5.0,5.0,6.0,7.0,5.0,7.0,6.0,7.0,4.0,6.0,5.0,6.0,5.0,5.0,5.905,6.25,5.5,1
106,52,1,0,5.0,6.0,7.0,6.0,3.0,4.0,3.0,5.0,5.0,5.0,4.0,7.0,6.0,5.0,5.0,6.0,5.0,5.0,6.0,4.0,4.0,4.0,5.0,5.25,5.0,1
107,36,1,1,5.75,6.0,6.0,6.0,6.0,6.0,5.0,5.0,4.0,5.0,4.0,5.0,6.0,6.0,5.0,5.0,5.0,5.0,5.0,5.0,5.0,4.0,5.19,7.0,5.75,1
108,34,1,1,4.25,6.0,5.0,5.0,5.0,6.0,5.0,3.0,4.0,5.0,6.0,6.0,5.0,5.0,5.0,4.0,7.0,6.0,6.0,4.0,5.0,5.0,5.143,5.0,5.0,1
109,30,1,1,5.5,5.0,6.0,5.0,5.0,4.0,3.0,4.0,4.0,4.0,6.0,6.0,5.0,4.0,3.0,4.0,5.0,5.0,6.0,6.0,7.0,6.0,4.905,7.0,6.5,1
110,38,1,0,3.75,6.0,6.0,6.0,6.0,6.0,3.0,6.0,6.0,7.0,5.0,4.0,6.0,7.0,7.0,6.0,6.0,7.0,7.0,4.0,2.0,3.0,5.524,4.75,6.62,1
111,46,2,1,4.75,7.0,6.0,5.0,5.0,6.0,6.0,5.0,6.0,5.0,6.0,7.0,7.0,6.0,6.0,6.0,6.0,7.0,6.0,6.0,6.0,7.0,6.048,5.5,6.75,1
112,35,1,0,5.0,6.0,5.0,3.0,4.0,5.0,5.0,4.0,4.0,4.0,5.0,5.0,5.0,4.0,6.0,4.0,3.0,3.0,2.0,2.0,3.0,2.0,4.0,6.75,6.75,1
113,24,2,1,5.75,5.0,6.0,6.0,5.0,4.0,3.0,5.0,5.0,5.0,4.0,3.0,5.0,4.0,5.0,3.0,5.0,5.0,5.0,4.0,5.0,4.0,4.571,5.25,5.88,1
114,28,1,0,5.75,4.0,5.0,5.0,6.0,6.0,6.0,5.0,6.0,7.0,6.0,6.0,6.0,4.0,5.0,3.0,4.0,6.0,4.0,6.0,5.0,4.0,5.19,5.25,5.62,1
115,46,1,0,5.5,5.0,7.0,6.0,3.0,5.0,3.0,7.0,6.0,5.0,4.0,4.0,4.0,5.0,7.0,6.0,4.0,4.0,4.0,4.0,4.0,3.0,4.762,4.75,6.12,1
116,40,2,0,6.25,6.0,6.0,6.0,4.0,4.0,3.0,3.0,3.0,4.0,6.0,6.0,5.0,5.0,6.0,6.0,5.0,6.0,5.0,3.0,4.0,4.0,4.762,5.0,5.75,1
117,42,1,0,5.5,5.0,5.0,6.0,5.0,6.0,5.0,4.0,5.0,3.0,6.0,5.0,5.0,6.0,7.0,4.0,6.0,5.0,4.0,5.0,3.0,5.0,5.0,5.25,4.62,0
118,32,2,1,1.75,5.0,7.0,6.0,4.0,3.0,6.0,6.0,6.0,6.0,5.0,5.0,4.0,6.0,6.0,7.0,7.0,7.0,5.0,5.0,3.0,5.0,5.429,4.0,5.0,1
119,39,2,0,6.75,6.0,6.0,5.0,6.0,4.0,5.0,6.0,6.0,7.0,6.0,4.0,3.0,5.0,6.0,5.0,5.0,7.0,6.0,7.0,6.0,6.0,5.571,6.5,6.12,1
120,39,1,1,5.0,4.0,3.0,3.0,7.0,7.0,7.0,5.0,4.0,4.0,6.0,7.0,6.0,6.0,4.0,6.0,5.0,6.0,5.0,5.0,4.0,4.0,5.143,5.25,6.75,1
121,48,2,0,1.5,3.0,4.0,3.0,3.0,4.0,4.0,2.0,1.0,2.0,4.0,4.0,3.0,5.0,4.0,5.0,4.0,4.0,5.0,4.0,4.0,5.0,3.667,4.0,4.25,1
122,31,1,1,7.0,7.0,7.0,7.0,4.0,6.0,7.0,4.0,6.0,6.0,7.0,7.0,5.0,7.0,7.0,7.0,7.0,7.0,7.0,7.0,6.0,6.0,6.381,7.0,6.88,1
123,42,2,0,5.0,4.0,5.0,4.0,4.0,5.0,6.0,5.0,4.0,5.0,6.0,4.0,4.0,5.0,3.0,5.0,2.0,4.0,4.0,4.0,4.0,4.0,4.333,6.5,5.75,1
124,36,2,1,5.5,7.0,5.0,5.0,5.0,6.0,6.0,5.0,4.0,6.0,5.0,5.0,5.0,6.0,4.0,5.0,5.0,4.0,4.0,4.0,5.0,5.0,5.048,5.0,5.62,1
125,52,1,1,5.25,7.0,7.0,7.0,6.0,6.0,6.0,6.0,7.0,7.0,4.0,5.0,7.0,7.0,7.0,7.0,5.0,5.0,5.0,6.0,5.0,5.0,6.048,5.5,5.62,1
126,34,1,0,3.25,6.0,6.0,5.0,5.0,5.0,6.0,6.0,4.0,5.0,5.0,5.0,6.0,5.0,6.0,5.0,6.0,6.0,6.0,3.0,2.0,2.0,5.0,3.25,3.88,1
127,20,2,1,6.0,4.0,4.0,4.0,5.0,5.0,5.0,4.0,4.0,3.0,6.0,6.0,5.0,5.0,4.0,6.0,4.0,5.0,5.0,6.0,6.0,5.0,4.81,5.75,5.5,1
128,43,1,0,7.0,6.0,7.0,7.0,6.0,6.0,5.0,7.0,7.0,6.0,7.0,7.0,7.0,7.0,6.0,5.0,6.0,6.0,5.0,7.0,5.0,7.0,6.286,7.0,6.62,1
129,36,2,0,4.5,5.0,5.0,5.0,5.0,6.0,6.0,5.0,6.0,5.0,6.0,7.0,7.0,6.0,6.0,6.0,5.0,5.0,6.0,5.0,4.0,6.0,5.571,6.5,6.12,1
130,44,2,1,5.5,6.0,7.0,6.0,5.0,5.0,5.0,7.0,7.0,6.0,7.0,6.0,5.0,6.0,7.0,7.0,7.0,7.0,7.0,7.0,7.0,6.0,6.333,7.0,6.62,1
131,43,1,1,5.25,4.0,5.0,5.0,4.0,6.0,6.0,6.0,6.0,6.0,6.0,4.0,6.0,6.0,7.0,7.0,4.0,3.0,3.0,5.0,6.0,6.0,5.286,4.25,6.0,1
132,40,1,0,5.75,6.0,5.0,5.0,6.0,3.0,4.0,6.0,4.0,6.0,5.0,6.0,7.0,6.0,7.0,7.0,4.0,3.0,4.0,6.0,5.0,5.0,5.238,4.75,4.38,1
133,32,2,0,2.0,4.0,6.0,4.0,6.0,6.0,5.0,6.0,6.0,6.0,4.0,5.0,5.0,6.0,4.0,5.0,6.0,6.0,4.0,5.0,6.0,7.0,5.333,4.25,4.75,1
134,53,1,1,5.75,7.0,7.0,6.0,5.0,6.0,5.0,6.0,5.0,5.0,5.0,5.0,6.0,7.0,7.0,7.0,6.0,7.0,6.0,5.0,5.0,4.0,5.81,6.0,6.0,1
135,39,1,1,6.0,7.0,7.0,7.0,7.0,7.0,7.0,7.0,7.0,7.0,7.0,7.0,7.0,7.0,7.0,7.0,7.0,7.0,7.0,7.0,5.0,6.0,6.857,6.75,6.38,1
136,45,2,0,5.5,7.0,7.0,6.0,5.0,5.0,3.0,7.0,4.0,6.0,5.0,6.0,4.0,3.0,5.0,5.0,4.0,4.0,4.0,4.0,5.0,5.0,4.952,5.75,5.5,1
137,37,1,1,4.75,4.0,5.0,5.0,6.0,5.0,7.0,5.0,5.0,5.0,5.0,4.0,4.0,5.0,4.0,4.0,5.0,5.0,4.0,5.0,5.0,5.0,4.857,4.75,6.38,1
138,40,1,0,2.75,5.0,6.0,7.0,4.0,4.0,4.0,3.0,5.0,3.0,5.0,6.0,5.0,4.0,6.0,3.0,3.0,4.0,5.0,2.0,3.0,2.0,4.238,3.5,2.75,1
139,44,2,1,2.5,5.0,5.0,6.0,3.0,5.0,3.0,4.0,4.0,5.0,6.0,5.0,5.0,5.0,5.0,5.0,5.0,6.0,5.0,3.0,5.0,4.0,4.714,4.75,4.5,1
140,52,2,0,3.5,5.0,5.0,4.0,6.0,6.0,7.0,6.0,6.0,6.0,6.0,7.0,4.0,7.0,6.0,5.0,6.0,5.0,6.0,5.0,6.0,4.0,5.619,5.25,4.25,1
141,24,2,0,3.5,4.0,4.0,5.0,4.0,6.0,4.0,5.0,5.0,5.0,5.0,5.0,4.0,5.0,5.0,6.0,5.0,2.0,3.0,2.0,3.0,4.0,4.333,2.0,3.0,1
142,45,2,0,3.5,5.0,7.0,6.0,4.0,5.0,3.0,5.0,5.0,5.0,6.0,6.0,6.0,4.0,5.0,4.0,2.0,4.0,4.0,4.0,5.0,6.0,4.81,4.5,4.38,1
143,39,1,1,6.25,7.0,6.0,6.0,6.0,7.0,6.0,7.0,5.0,6.0,7.0,6.0,7.0,4.0,4.0,6.0,7.0,6.0,6.0,7.0,6.0,7.0,6.143,7.0,5.62,0
144,54,2,0,2.5,4.0,4.0,5.0,4.0,5.0,4.0,7.0,6.0,5.0,3.0,4.0,4.0,6.0,4.0,4.0,4.0,3.0,3.0,4.0,3.0,3.0,4.238,3.75,4.5,1
145,32,1,0,3.75,5.0,6.0,5.0,6.0,5.0,3.0,5.0,6.0,5.0,7.0,5.0,6.0,7.0,7.0,6.0,4.0,6.0,6.0,4.0,4.0,4.0,5.333,2.25,4.0,1
146,39,2,0,3.25,4.0,5.0,4.0,5.0,5.0,6.0,5.0,3.0,4.0,4.0,4.0,4.0,4.0,5.0,4.0,3.0,5.0,3.0,4.0,3.0,4.0,4.19,4.0,4.75,1
147,42,2,1,4.5,5.0,5.0,6.0,5.0,4.0,5.0,6.0,6.0,5.0,6.0,7.0,5.0,6.0,7.0,6.0,5.0,5.0,5.0,5.0,4.0,3.0,5.286,5.75,5.12,1
148,38,1,1,5.25,2.0,3.0,2.0,3.0,3.0,3.0,3.0,4.0,4.0,4.0,3.0,3.0,3.0,4.0,4.0,3.0,4.0,3.0,4.0,3.0,5.0,3.333,6.75,5.25,1
149,24,2,1,6.5,6.0,5.0,7.0,5.0,5.0,7.0,6.0,7.0,6.0,4.0,6.0,5.0,4.0,5.0,6.0,6.0,5.0,6.0,4.0,4.0,5.0,5.429,6.0,4.62,1
150,50,2,1,4.5,3.0,5.0,5.0,6.0,6.0,6.0,4.0,4.0,2.0,6.0,5.0,4.0,4.0,2.0,5.0,6.0,5.0,6.0,5.0,4.0,5.0,4.667,4.75,4.88,1
151,50,1,1,3.25,7.0,6.0,5.0,5.0,6.0,6.0,7.0,7.0,7.0,6.0,7.0,6.0,6.0,7.0,6.0,5.0,5.0,5.0,4.0,5.0,4.0,5.81,5.0,4.75,1
152,24,2,0,5.0,3.0,5.0,5.0,5.0,5.0,5.0,3.0,3.0,2.0,4.0,4.0,4.0,5.0,4.0,3.0,2.0,4.0,3.0,5.0,5.0,5.0,4.0,3.25,5.0,1
153,47,2,1,4.5,4.0,4.0,5.0,7.0,6.0,6.0,6.0,7.0,5.0,6.0,7.0,5.0,6.0,5.0,6.0,5.0,5.0,5.0,4.0,4.0,4.0,5.333,3.5,4.88,1
154,29,3,1,4.75,4.0,4.0,3.0,4.0,2.0,4.0,2.0,2.0,1.0,3.0,4.0,3.0,4.0,4.0,2.0,4.0,5.0,3.0,3.0,4.0,2.0,3.19,4.25,5.75,1
155,33,2,1,4.25,6.0,6.0,7.0,6.0,7.0,7.0,7.0,7.0,7.0,6.0,6.0,6.0,6.0,7.0,7.0,5.0,5.0,5.0,7.0,6.0,5.0,6.238,4.25,5.12,1
156,22,1,1,3.75,6.0,6.0,6.0,5.0,6.0,5.0,5.0,4.0,5.0,5.0,5.0,5.0,5.0,7.0,7.0,6.0,6.0,5.0,4.0,4.0,5.0,5.333,4.75,4.88,1
157,28,2,0,4.25,5.0,3.0,4.0,5.0,6.0,4.0,4.0,4.0,5.0,4.0,5.0,4.0,6.0,6.0,6.0,4.0,4.0,2.0,3.0,4.0,3.0,4.333,3.5,3.38,1
158,49,2,1,5.0,5.0,5.0,6.0,5.0,5.0,4.0,6.0,6.0,6.0,6.0,5.0,5.0,4.0,6.0,4.0,6.0,7.0,6.0,2.0,5.0,4.0,5.143,3.75,4.12,1
159,27,2,0,6.75,5.0,6.0,6.0,5.0,6.0,5.0,5.0,5.0,6.0,6.0,7.0,7.0,6.0,6.0,6.0,7.0,5.0,4.0,6.0,6.0,6.0,5.762,7.0,6.88,1
160,33,1,1,6.5,5.0,4.0,4.0,5.0,6.0,5.0,4.0,7.0,5.0,7.0,6.0,6.0,6.0,6.0,6.0,4.0,5.0,5.0,5.0,4.0,4.0,5.19,5.75,6.0,1
161,33,2,0,5.5,6.0,4.0,5.0,6.0,7.0,6.0,6.0,6.0,5.0,6.0,5.0,5.0,4.0,5.0,4.0,5.0,6.0,6.0,5.0,4.0,5.0,5.286,5.0,6.0,1
162,42,2,0,6.0,5.0,5.0,5.0,6.0,6.0,5.0,7.0,6.0,6.0,6.0,6.0,6.0,7.0,6.0,7.0,5.0,7.0,6.0,6.0,6.0,6.0,5.952,6.5,6.25,1
163,50,1,0,4.0,6.0,5.0,6.0,4.0,4.0,6.0,5.0,6.0,5.0,7.0,5.0,5.0,6.0,5.0,5.0,5.0,5.0,5.0,4.0,4.0,4.0,5.095,4.75,4.75,1
164,18,2,0,6.25,6.0,7.0,7.0,6.0,6.0,5.0,6.0,3.0,4.0,5.0,5.0,5.0,7.0,6.0,5.0,4.0,4.0,4.0,6.0,3.0,5.0,5.19,7.0,6.88,1
165,52,2,0,4.0,6.0,5.0,3.0,5.0,5.0,4.0,5.0,4.0,6.0,5.0,6.0,6.0,6.0,7.0,6.0,4.0,5.0,4.0,4.0,5.0,5.0,5.048,4.0,3.38,1
166,32,2,0,5.0,4.0,3.0,4.0,3.0,5.0,3.0,6.0,5.0,4.0,5.0,7.0,7.0,6.0,5.0,4.0,3.0,4.0,4.0,5.0,4.0,4.0,4.524,3.5,4.0,1
167,40,1,1,5.25,6.0,7.0,7.0,5.0,7.0,6.0,5.0,7.0,6.0,7.0,7.0,6.0,5.0,4.0,5.0,6.0,5.0,5.0,4.0,5.0,5.0,5.714,5.0,5.0,1
168,18,1,0,3.25,5.0,4.0,5.0,5.0,6.0,5.0,6.0,4.0,5.0,4.0,3.0,6.0,6.0,5.0,5.0,5.0,4.0,7.0,5.0,5.0,4.0,4.952,5.75,4.75,1
169,23,2,0,5.5,5.0,4.0,6.0,5.0,5.0,5.0,4.0,5.0,5.0,4.0,4.0,5.0,4.0,4.0,3.0,4.0,5.0,6.0,3.0,3.0,3.0,4.381,3.5,4.88,1
170,57,2,0,5.25,5.0,5.0,5.0,6.0,7.0,7.0,5.0,4.0,4.0,3.0,6.0,5.0,5.0,5.0,6.0,4.0,6.0,5.0,4.0,5.0,3.0,5.0,5.0,5.0,1
171,33,2,0,2.5,4.0,3.0,5.0,3.0,3.0,4.0,4.0,3.0,4.0,5.0,5.0,4.0,6.0,6.0,5.0,5.0,5.0,4.0,4.0,4.0,4.0,4.286,4.5,3.62,1
172,44,2,0,6.0,4.0,5.0,6.0,7.0,6.0,7.0,4.0,6.0,4.0,4.0,6.0,5.0,6.0,5.0,6.0,4.0,3.0,3.0,6.0,5.0,5.0,5.095,5.5,6.12,1
173,32,2,1,4.75,5.0,5.0,5.0,5.0,6.0,6.0,5.0,5.0,5.0,5.0,4.0,3.0,6.0,6.0,6.0,6.0,4.0,5.0,6.0,6.0,5.0,5.19,4.5,5.25,1
174,50,1,1,5.25,6.0,5.0,5.0,4.0,4.0,4.0,4.0,4.0,5.0,5.0,4.0,7.0,6.0,5.0,7.0,5.0,7.0,6.0,4.0,7.0,6.0,5.238,5.75,5.5,1
175,46,1,0,3.25,6.0,6.0,6.0,4.0,4.0,4.0,5.0,6.0,6.0,4.0,5.0,3.0,5.0,6.0,5.0,6.0,6.0,7.0,4.0,4.0,4.0,5.048,6.0,4.5,1
176,28,1,0,4.75,4.0,4.0,5.0,4.0,3.0,2.0,3.0,2.0,3.0,4.0,4.0,3.0,6.0,4.0,6.0,4.0,4.0,3.0,4.0,2.0,3.0,3.667,3.75,3.88,1
177,35,1,0,6.25,4.0,6.0,4.0,7.0,6.0,5.0,4.0,5.0,5.0,7.0,7.0,6.0,5.0,6.0,6.0,4.0,4.0,4.0,5.0,3.0,3.0,5.048,6.0,6.62,1
178,72,2,1,4.25,6.0,5.0,4.0,4.0,4.0,6.0,5.0,5.0,5.0,5.0,3.0,5.0,5.0,3.0,4.0,3.0,5.0,4.0,5.0,5.0,4.0,4.524,6.0,5.12,1
179,49,1,1,5.0,7.0,7.0,6.0,5.0,7.0,5.0,6.0,7.0,7.0,7.0,7.0,7.0,7.0,7.0,7.0,7.0,7.0,7.0,6.0,6.0,6.0,6.571,7.0,6.62,1
180,60,1,1,4.75,6.0,5.0,5.0,5.0,5.0,5.0,5.0,5.0,6.0,7.0,5.0,5.0,7.0,6.0,7.0,5.0,5.0,3.0,6.0,7.0,7.0,5.571,3.25,4.88,1
181,36,2,0,6.5,7.0,6.0,6.0,6.0,6.0,7.0,7.0,7.0,7.0,7.0,7.0,7.0,7.0,6.0,6.0,7.0,6.0,6.0,7.0,7.0,7.0,6.619,6.75,6.88,1
182,46,1,0,2.25,5.0,5.0,5.0,6.0,5.0,7.0,3.0,3.0,4.0,6.0,5.0,5.0,3.0,4.0,1.0,5.0,5.0,3.0,3.0,3.0,4.0,4.286,4.0,4.5,1
183,32,1,0,6.25,7.0,7.0,7.0,6.0,7.0,7.0,7.0,7.0,6.0,7.0,7.0,7.0,7.0,6.0,7.0,6.0,7.0,6.0,5.0,5.0,6.0,6.524,7.0,6.75,1
184,51,2,0,7.0,6.0,7.0,7.0,6.0,5.0,6.0,7.0,7.0,7.0,6.0,6.0,7.0,6.0,6.0,5.0,7.0,7.0,7.0,7.0,5.0,5.0,6.286,4.75,5.62,1
185,42,1,1,5.0,4.0,5.0,5.0,6.0,5.0,5.0,6.0,6.0,5.0,6.0,4.0,6.0,3.0,5.0,4.0,5.0,5.0,4.0,5.0,4.0,3.0,4.81,6.0,7.0,1
186,44,1,1,4.25,4.0,4.0,5.0,4.0,3.0,3.0,2.0,2.0,3.0,6.0,4.0,5.0,5.0,5.0,5.0,5.0,4.0,4.0,4.0,5.0,3.0,4.048,5.25,4.5,1
187,36,1,1,3.5,4.0,5.0,5.0,3.0,5.0,1.0,5.0,5.0,5.0,5.0,3.0,4.0,6.0,6.0,6.0,4.0,4.0,6.0,5.0,5.0,5.0,4.619,2.25,6.25,1
188,60,1,0,4.25,5.0,5.0,7.0,6.0,4.0,7.0,5.0,5.0,5.0,5.0,5.0,7.0,6.0,4.0,5.0,5.0,4.0,6.0,6.0,6.0,4.0,5.333,4.75,4.38,1
189,60,2,0,3.25,5.0,4.0,5.0,7.0,5.0,5.0,4.0,5.0,5.0,5.0,5.0,6.0,5.0,6.0,6.0,6.0,6.0,7.0,4.0,5.0,6.0,5.333,6.0,5.38,1
190,52,1,1,4.25,3.0,3.0,4.0,3.0,5.0,6.0,4.0,3.0,2.0,6.0,5.0,4.0,5.0,4.0,5.0,6.0,4.0,4.0,4.0,4.0,4.0,4.19,5.5,4.5,1
191,43,2,0,4.0,4.0,5.0,4.0,5.0,7.0,6.0,5.0,6.0,5.0,5.0,4.0,4.0,5.0,5.0,7.0,6.0,5.0,6.0,5.0,5.0,5.0,5.19,4.75,5.25,1
192,48,2,0,4.5,5.0,5.0,5.0,7.0,6.0,6.0,7.0,6.0,7.0,3.0,4.0,5.0,6.0,6.0,7.0,5.0,4.0,5.0,6.0,5.0,5.0,5.476,6.0,4.0,1
193,39,2,0,4.25,5.0,5.0,5.0,5.0,4.0,4.0,5.0,5.0,4.0,5.0,4.0,2.0,6.0,5.0,6.0,4.0,3.0,4.0,4.0,3.0,3.0,4.333,6.0,5.25,1
194,48,1,1,3.25,5.0,5.0,6.0,7.0,5.0,6.0,5.0,4.0,4.0,5.0,6.0,6.0,7.0,7.0,7.0,4.0,6.0,5.0,5.0,5.0,5.0,5.476,4.25,4.38,1
195,38,2,1,5.75,7.0,6.0,5.0,4.0,5.0,4.0,7.0,6.0,7.0,7.0,5.0,5.0,6.0,6.0,5.0,5.0,4.0,5.0,5.0,4.0,4.0,5.333,6.25,6.5,1
196,24,1,1,6.5,6.0,5.0,6.0,4.0,4.0,4.0,5.0,5.0,4.0,5.0,7.0,6.0,5.0,5.0,5.0,5.0,6.0,4.0,7.0,6.0,5.0,5.19,4.75,6.12,1
197,37,2,1,5.25,4.0,3.0,3.0,4.0,7.0,5.0,6.0,5.0,5.0,4.0,5.0,5.0,7.0,6.0,6.0,3.0,4.0,5.0,5.0,4.0,5.0,4.81,5.5,5.12,0
198,27,2,1,6.25,6.0,5.0,5.0,6.0,5.0,7.0,5.0,4.0,5.0,5.0,5.0,7.0,6.0,7.0,5.0,5.0,5.0,6.0,4.0,4.0,3.0,5.238,7.0,5.38,1
199,51,2,0,3.5,7.0,7.0,7.0,6.0,6.0,5.0,5.0,4.0,5.0,7.0,7.0,5.0,3.0,5.0,5.0,5.0,4.0,4.0,7.0,6.0,5.0,5.476,4.0,5.5,1
200,38,1,0,6.0,5.0,5.0,7.0,7.0,7.0,7.0,7.0,7.0,7.0,6.0,7.0,7.0,7.0,7.0,7.0,6.0,7.0,7.0,6.0,7.0,7.0,6.667,4.75,5.75,1
201,31,1,1,4.5,6.0,5.0,6.0,4.0,4.0,2.0,5.0,6.0,5.0,6.0,4.0,6.0,6.0,7.0,7.0,7.0,7.0,7.0,4.0,4.0,4.0,5.333,4.25,5.38,0
202,26,3,0,4.75,4.0,6.0,6.0,5.0,6.0,6.0,6.0,4.0,4.0,5.0,7.0,6.0,4.0,4.0,5.0,6.0,5.0,6.0,5.0,4.0,6.0,5.238,6.25,5.5,1
203,46,1,0,6.25,5.0,7.0,5.0,5.0,5.0,5.0,6.0,7.0,6.0,5.0,6.0,4.0,6.0,6.0,7.0,7.0,7.0,6.0,5.0,5.0,4.0,5.667,6.25,5.75,1
204,34,2,0,6.0,3.0,5.0,5.0,4.0,4.0,4.0,3.0,4.0,4.0,5.0,5.0,4.0,4.0,4.0,3.0,4.0,5.0,4.0,3.0,5.0,3.0,4.048,6.0,6.0,1
205,45,2,0,5.0,4.0,4.0,4.0,3.0,5.0,5.0,4.0,4.0,5.0,4.0,4.0,6.0,4.0,3.0,6.0,3.0,4.0,5.0,3.0,4.0,4.0,4.19,6.25,6.12,1
206,31,2,1,3.5,4.0,3.0,3.0,6.0,4.0,4.0,6.0,6.0,5.0,5.0,4.0,5.0,6.0,4.0,5.0,5.0,5.0,5.0,4.0,5.0,5.0,4.714,3.75,4.75,1
207,46,1,1,4.25,7.0,5.0,5.0,6.0,4.0,6.0,5.0,6.0,6.0,7.0,5.0,7.0,7.0,6.0,6.0,5.0,6.0,7.0,5.0,3.0,4.0,5.619,5.75,6.38,1
208,21,2,1,3.25,5.0,5.0,6.0,7.0,6.0,7.0,6.0,5.0,5.0,7.0,7.0,6.0,7.0,7.0,6.0,6.0,6.0,4.0,4.0,6.0,6.0,5.905,5.25,4.62,1
209,62,1,1,4.25,5.0,5.0,4.0,5.0,5.0,6.0,5.0,6.0,6.0,4.0,6.0,6.0,6.0,5.0,6.0,7.0,5.0,7.0,5.0,5.0,5.0,5.429,3.5,4.75,1
210,35,2,1,4.25,6.0,6.0,7.0,3.0,3.0,4.0,5.0,5.0,4.0,7.0,5.0,3.0,6.0,6.0,4.0,6.0,4.0,6.0,4.0,3.0,5.0,4.857,4.5,6.25,1
211,37,2,1,6.0,7.0,5.0,6.0,5.0,7.0,7.0,6.0,7.0,7.0,7.0,7.0,7.0,6.0,5.0,5.0,7.0,7.0,7.0,5.0,5.0,5.0,6.19,5.25,6.75,1
212,42,2,1,5.75,4.0,5.0,6.0,5.0,4.0,4.0,6.0,5.0,6.0,6.0,5.0,6.0,5.0,5.0,6.0,7.0,7.0,7.0,5.0,5.0,4.0,5.381,3.75,5.0,1
213,36,2,0,5.0,7.0,7.0,7.0,7.0,7.0,7.0,7.0,7.0,6.0,6.0,7.0,6.0,7.0,7.0,7.0,6.0,7.0,7.0,7.0,7.0,6.0,6.762,5.25,6.75,1
214,44,1,0,4.5,6.0,5.0,7.0,6.0,7.0,7.0,7.0,6.0,6.0,6.0,5.0,6.0,5.0,7.0,6.0,6.0,6.0,5.0,7.0,6.0,7.0,6.143,6.25,6.12,1
215,30,2,1,3.5,5.0,5.0,5.0,5.0,6.0,5.0,4.0,4.0,4.0,6.0,4.0,5.0,6.0,6.0,5.0,5.0,5.0,5.0,6.0,7.0,5.0,5.143,4.75,5.75,1
216,47,2,1,4.75,5.0,5.0,5.0,6.0,5.0,4.0,5.0,4.0,5.0,5.0,4.0,5.0,4.0,5.0,4.0,5.0,5.0,5.0,4.0,5.0,5.0,4.762,5.75,6.25,1
217,40,2,0,5.75,7.0,6.0,6.0,6.0,6.0,6.0,5.0,5.0,5.0,6.0,6.0,5.0,7.0,6.0,6.0,7.0,6.0,5.0,6.0,5.0,4.0,5.762,4.25,5.88,1
218,31,1,0,5.5,4.0,4.0,4.0,5.0,4.0,5.0,5.0,6.0,6.0,4.0,7.0,4.0,5.0,6.0,5.0,5.0,5.0,5.0,5.0,5.0,4.0,4.905,5.0,5.12,1
219,28,3,1,3.5,5.0,5.0,6.0,5.0,4.0,4.0,6.0,6.0,6.0,6.0,4.0,5.0,5.0,3.0,4.0,4.0,2.0,4.0,6.0,5.0,6.0,4.81,6.25,6.38,1
220,22,1,1,6.5,7.0,7.0,7.0,6.0,7.0,7.0,7.0,7.0,7.0,7.0,6.0,6.0,7.0,7.0,7.0,7.0,6.0,6.0,7.0,7.0,7.0,6.762,7.0,6.5,1
221,29,1,0,7.0,6.0,7.0,7.0,7.0,7.0,7.0,6.0,7.0,7.0,7.0,4.0,7.0,7.0,7.0,7.0,7.0,7.0,7.0,7.0,7.0,7.0,6.762,7.0,6.88,1
222,24,1,0,4.75,4.0,7.0,5.0,4.0,6.0,6.0,4.0,5.0,6.0,4.0,2.0,3.0,3.0,4.0,5.0,6.0,5.0,7.0,6.0,5.0,3.0,4.762,6.0,6.0,1
223,44,2,0,1.75,5.0,4.0,4.0,4.0,2.0,4.0,3.0,5.0,3.0,6.0,4.0,5.0,3.0,5.0,5.0,4.0,4.0,4.0,3.0,5.0,4.0,4.095,4.25,4.12,0
224,31,1,1,4.0,6.0,4.0,4.0,4.0,4.0,4.0,5.0,6.0,6.0,6.0,7.0,5.0,7.0,6.0,6.0,6.0,6.0,5.0,6.0,4.0,5.0,5.333,4.25,5.0,1
225,42,2,0,5.0,6.0,6.0,6.0,5.0,6.0,7.0,6.0,5.0,5.0,5.0,6.0,5.0,6.0,7.0,6.0,7.0,6.0,6.0,6.0,7.0,6.0,5.952,6.0,5.0,1
226,18,2,0,3.25,6.0,5.0,5.0,6.0,5.0,5.0,4.0,6.0,3.0,6.0,5.0,5.0,7.0,5.0,5.0,6.0,4.0,5.0,3.0,4.0,3.0,4.905,3.75,4.75,1
227,36,1,1,4.25,7.0,5.0,6.0,6.0,6.0,6.0,4.0,5.0,5.0,5.0,7.0,6.0,6.0,5.0,6.0,6.0,5.0,7.0,6.0,6.0,6.0,5.762,4.5,5.12,1
228,55,1,1,4.25,3.0,4.0,3.0,4.0,5.0,4.0,5.0,6.0,4.0,4.0,5.0,4.0,4.0,5.0,5.0,5.0,4.0,5.0,3.0,4.0,3.0,4.238,3.5,4.88,1
229,18,1,1,3.5,5.0,5.0,6.0,5.0,5.0,5.0,4.0,4.0,6.0,5.0,7.0,5.0,6.0,6.0,7.0,6.0,6.0,4.0,5.0,4.0,4.0,5.238,5.5,5.0,1
230,31,1,1,4.75,7.0,6.0,7.0,5.0,6.0,7.0,6.0,6.0,7.0,6.0,5.0,7.0,5.0,6.0,5.0,7.0,6.0,5.0,5.0,5.0,5.0,5.905,5.0,5.12,1
231,25,2,1,4.25,6.0,5.0,7.0,6.0,5.0,5.0,5.0,6.0,5.0,5.0,6.0,6.0,7.0,5.0,7.0,4.0,4.0,5.0,4.0,5.0,4.0,5.333,4.75,4.25,1
232,27,3,0,5.25,5.0,6.0,5.0,6.0,6.0,7.0,4.0,5.0,5.0,7.0,6.0,7.0,7.0,6.0,5.0,6.0,6.0,5.0,4.0,3.0,4.0,5.476,5.25,6.62,1
233,36,1,0,4.75,4.0,4.0,4.0,4.0,5.0,5.0,5.0,4.0,4.0,5.0,6.0,7.0,6.0,5.0,3.0,4.0,3.0,4.0,4.0,3.0,3.0,4.381,5.0,4.5,1
234,34,1,0,3.0,4.0,3.0,6.0,4.0,4.0,5.0,5.0,5.0,5.0,6.0,5.0,6.0,4.0,3.0,5.0,4.0,4.0,4.0,5.0,5.0,6.0,4.667,4.5,5.62,1
235,52,1,1,6.5,7.0,7.0,7.0,7.0,7.0,6.0,7.0,7.0,7.0,6.0,7.0,7.0,7.0,7.0,7.0,7.0,7.0,7.0,7.0,6.0,7.0,6.857,7.0,6.38,1
236,37,1,0,5.5,6.0,7.0,6.0,6.0,7.0,5.0,7.0,7.0,6.0,6.0,7.0,6.0,7.0,7.0,7.0,7.0,7.0,7.0,6.0,7.0,7.0,6.571,4.0,6.12,1
237,41,2,0,3.75,5.0,5.0,6.0,5.0,6.0,4.0,5.0,5.0,4.0,5.0,3.0,4.0,6.0,6.0,6.0,5.0,7.0,7.0,6.0,6.0,5.0,5.286,5.0,3.62,1
238,18,2,1,6.5,6.0,4.0,5.0,5.0,5.0,5.0,5.0,6.0,5.0,7.0,7.0,5.0,6.0,6.0,5.0,3.0,4.0,6.0,5.0,4.0,4.0,5.143,5.75,5.88,1
239,22,1,1,5.25,5.0,6.0,7.0,6.0,6.0,7.0,6.0,7.0,7.0,7.0,4.0,6.0,6.0,6.0,7.0,6.0,7.0,6.0,5.0,6.0,5.0,6.095,5.0,6.88,1
240,23,2,1,3.75,4.0,3.0,4.0,4.0,5.0,5.0,3.0,5.0,4.0,4.0,5.0,5.0,3.0,4.0,3.0,5.0,4.0,5.0,4.0,3.0,3.0,4.048,4.0,5.62,1
241,44,1,1,4.25,4.0,3.0,3.0,5.0,4.0,5.0,4.0,4.0,4.0,3.0,4.0,3.0,4.0,3.0,4.0,4.0,5.0,3.0,3.0,2.0,5.0,3.762,4.25,5.0,1
242,55,2,1,4.0,5.0,4.0,6.0,6.0,4.0,6.0,5.0,5.0,4.0,3.0,5.0,5.0,5.0,5.0,6.0,4.0,5.0,5.0,5.0,6.0,5.0,4.952,4.5,5.88,1
243,29,1,0,3.5,6.0,5.0,6.0,5.0,6.0,7.0,3.0,4.0,5.0,6.0,5.0,6.0,5.0,5.0,5.0,7.0,7.0,5.0,6.0,7.0,6.0,5.571,4.0,4.62,1
244,45,1,1,4.0,5.0,5.0,4.0,4.0,5.0,4.0,5.0,6.0,5.0,4.0,5.0,4.0,6.0,6.0,7.0,6.0,7.0,7.0,5.0,5.0,5.0,5.238,4.75,5.38,1
245,49,2,1,4.75,7.0,7.0,7.0,7.0,7.0,7.0,7.0,6.0,6.0,7.0,7.0,7.0,7.0,6.0,7.0,7.0,7.0,7.0,7.0,7.0,7.0,6.857,7.0,5.25,1
246,41,1,0,3.25,6.0,6.0,7.0,5.0,4.0,5.0,5.0,4.0,5.0,7.0,6.0,6.0,5.0,6.0,5.0,5.0,5.0,5.0,5.0,5.0,4.0,5.286,7.0,4.62,1
247,36,1,1,4.75,5.0,4.0,4.0,6.0,4.0,4.0,5.0,5.0,5.0,6.0,6.0,6.0,6.0,7.0,6.0,5.0,4.0,5.0,5.0,4.0,4.0,5.048,6.0,6.0,1
248,34,1,0,5.0,7.0,6.0,6.0,6.0,4.0,5.0,7.0,5.0,5.0,7.0,6.0,6.0,5.0,5.0,6.0,5.0,6.0,5.0,5.0,5.0,4.0,5.524,7.0,4.12,1
249,28,1,1,5.0,7.0,4.0,7.0,5.0,5.0,4.0,6.0,6.0,6.0,5.0,4.0,6.0,6.0,6.0,5.0,4.0,5.0,5.0,6.0,6.0,5.0,5.381,6.0,3.88,1
250,26,2,0,4.25,5.0,7.0,5.0,6.0,5.0,5.0,5.0,5.0,5.0,6.0,5.0,5.0,5.0,5.0,5.0,5.0,3.0,5.0,3.0,4.0,3.0,4.857,4.0,5.38,1
251,22,2,1,6.75,7.0,7.0,7.0,7.0,7.0,7.0,6.0,6.0,7.0,6.0,6.0,7.0,7.0,6.0,7.0,6.0,6.0,6.0,6.0,6.0,7.0,6.524,7.0,6.62,1
252,18,1,0,5.5,5.0,3.0,4.0,7.0,6.0,7.0,5.0,5.0,6.0,7.0,7.0,6.0,5.0,3.0,5.0,6.0,6.0,7.0,6.0,6.0,6.0,5.619,5.0,5.75,1
253,37,1,1,6.5,5.0,4.0,4.0,4.0,5.0,5.0,3.0,5.0,4.0,7.0,5.0,4.0,5.0,4.0,7.0,5.0,5.0,5.0,5.0,5.0,5.0,4.81,4.5,6.0,1
254,24,1,1,7.0,5.0,6.0,6.0,5.0,5.0,3.0,5.0,5.0,5.0,5.0,6.0,7.0,5.0,5.0,5.0,7.0,4.0,5.0,4.0,4.0,4.0,5.048,6.25,5.88,1
255,43,1,1,5.75,7.0,7.0,7.0,4.0,5.0,6.0,6.0,7.0,7.0,5.0,5.0,6.0,6.0,5.0,6.0,4.0,5.0,5.0,5.0,6.0,6.0,5.714,6.0,6.0,1
256,28,2,0,5.75,5.0,4.0,3.0,4.0,5.0,4.0,6.0,6.0,6.0,6.0,5.0,6.0,6.0,7.0,7.0,5.0,5.0,5.0,5.0,5.0,5.0,5.238,4.75,6.38,1
257,32,2,1,3.5,5.0,5.0,7.0,4.0,4.0,4.0,4.0,4.0,4.0,6.0,6.0,4.0,4.0,5.0,4.0,5.0,4.0,4.0,4.0,4.0,5.0,4.571,4.0,6.0,1
258,27,3,0,3.25,4.0,4.0,4.0,3.0,4.0,5.0,5.0,3.0,4.0,5.0,5.0,6.0,5.0,5.0,6.0,5.0,4.0,4.0,3.0,4.0,3.0,4.333,4.5,4.38,0
259,32,1,0,5.25,7.0,7.0,6.0,7.0,6.0,6.0,7.0,6.0,7.0,6.0,7.0,7.0,7.0,7.0,7.0,6.0,6.0,6.0,7.0,7.0,6.0,6.571,6.25,5.5,1
260,39,2,1,6.25,5.0,6.0,5.0,7.0,6.0,6.0,5.0,5.0,5.0,3.0,5.0,5.0,3.0,4.0,4.0,6.0,6.0,5.0,4.0,7.0,6.0,5.143,7.0,6.5,1
261,18,2,0,5.75,5.0,4.0,5.0,5.0,5.0,5.0,5.0,5.0,5.0,6.0,7.0,7.0,3.0,3.0,4.0,5.0,3.0,4.0,6.0,5.0,5.0,4.857,5.25,5.75,1
262,58,3,1,6.0,6.0,6.0,5.0,5.0,6.0,6.0,5.0,6.0,6.0,5.0,5.0,6.0,4.0,5.0,4.0,4.0,4.0,2.0,5.0,6.0,4.0,5.0,5.25,6.25,1
263,31,2,1,6.0,6.0,5.0,5.0,4.0,6.0,5.0,6.0,5.0,6.0,7.0,5.0,6.0,5.0,4.0,6.0,5.0,5.0,6.0,6.0,6.0,4.0,5.381,3.75,6.0,1
264,38,1,1,3.25,5.0,5.0,4.0,5.0,5.0,3.0,5.0,4.0,3.0,6.0,5.0,6.0,5.0,5.0,5.0,5.0,5.0,5.0,6.0,5.0,6.0,4.905,6.0,6.25,0
265,32,1,0,5.0,6.0,6.0,6.0,6.0,5.0,6.0,4.0,5.0,5.0,5.0,6.0,5.0,4.0,4.0,6.0,7.0,6.0,7.0,4.0,5.0,5.0,5.381,4.5,6.38,1
266,47,1,0,6.0,7.0,7.0,6.0,7.0,7.0,7.0,7.0,7.0,6.0,7.0,6.0,6.0,7.0,6.0,7.0,6.0,7.0,7.0,5.0,5.0,5.0,6.429,4.5,5.38,1
267,32,1,1,2.75,5.0,5.0,5.0,3.0,2.0,3.0,3.0,3.0,3.0,5.0,3.0,5.0,5.0,5.0,5.0,5.0,4.0,4.0,4.0,5.0,5.0,4.143,5.5,5.88,1
268,35,1,1,4.25,6.0,5.0,4.0,6.0,3.0,5.0,7.0,6.0,7.0,6.0,6.0,5.0,4.0,4.0,4.0,6.0,5.0,4.0,4.0,3.0,5.0,5.0,6.0,6.25,1
269,37,2,0,3.0,4.0,6.0,5.0,4.0,6.0,5.0,4.0,5.0,4.0,4.0,3.0,4.0,5.0,5.0,4.0,2.0,4.0,2.0,3.0,3.0,3.0,4.048,1.75,3.0,1
270,55,2,1,2.0,3.0,3.0,3.0,4.0,4.0,4.0,3.0,2.0,3.0,5.0,4.0,4.0,7.0,5.0,7.0,4.0,3.0,3.0,3.0,3.0,3.0,3.81,3.5,5.5,1
271,36,2,0,4.25,5.0,5.0,4.0,5.0,5.0,5.0,5.0,5.0,4.0,5.0,7.0,5.0,3.0,3.0,5.0,7.0,5.0,4.0,4.0,4.0,4.0,4.714,5.75,6.38,1
272,69,1,0,3.75,4.0,4.0,5.0,3.0,5.0,4.0,4.0,4.0,3.0,4.0,4.0,4.0,5.0,5.0,5.0,5.0,5.0,5.0,4.0,3.0,4.0,4.238,5.25,5.62,0
273,52,2,0,6.25,6.0,7.0,7.0,7.0,7.0,7.0,6.0,6.0,5.0,4.0,5.0,5.0,7.0,6.0,6.0,6.0,5.0,6.0,4.0,4.0,4.0,5.714,6.25,5.62,1
274,52,2,0,6.5,5.0,6.0,5.0,4.0,5.0,5.0,5.0,5.0,5.0,6.0,7.0,5.0,7.0,6.0,5.0,4.0,6.0,4.0,6.0,6.0,5.0,5.333,5.5,5.62,1
275,35,2,0,5.5,5.0,4.0,4.0,3.0,4.0,4.0,5.0,5.0,4.0,7.0,6.0,5.0,6.0,5.0,4.0,4.0,4.0,5.0,5.0,6.0,4.0,4.714,7.0,6.5,1
276,27,1,0,6.25,5.0,7.0,6.0,7.0,6.0,5.0,6.0,5.0,6.0,6.0,4.0,5.0,5.0,7.0,7.0,6.0,4.0,6.0,7.0,6.0,7.0,5.857,4.75,5.75,1
277,38,2,1,6.25,7.0,7.0,7.0,7.0,7.0,7.0,6.0,5.0,7.0,6.0,6.0,7.0,7.0,6.0,7.0,7.0,6.0,7.0,6.0,7.0,7.0,6.619,5.5,6.5,1
278,26,1,0,3.5,4.0,6.0,5.0,5.0,4.0,4.0,4.0,3.0,4.0,6.0,6.0,5.0,5.0,5.0,5.0,5.0,5.0,5.0,5.0,5.0,5.0,4.81,4.5,4.75,1
279,52,2,1,4.25,4.0,3.0,4.0,4.0,3.0,5.0,5.0,5.0,5.0,6.0,6.0,7.0,5.0,5.0,3.0,6.0,5.0,4.0,4.0,4.0,3.0,4.571,3.0,4.88,1
280,30,1,0,7.0,5.0,7.0,7.0,6.0,6.0,5.0,6.0,6.0,6.0,5.0,5.0,6.0,4.0,6.0,4.0,4.0,5.0,6.0,2.0,1.0,3.0,5.0,6.0,5.88,1
281,49,2,0,6.75,5.0,5.0,4.0,4.0,3.0,4.0,5.0,5.0,6.0,4.0,7.0,6.0,3.0,4.0,4.0,5.0,4.0,5.0,4.0,4.0,3.0,4.476,6.25,6.25,1
282,35,1,1,2.5,5.0,4.0,5.0,3.0,4.0,3.0,4.0,4.0,4.0,3.0,5.0,4.0,7.0,6.0,6.0,2.0,3.0,2.0,3.0,3.0,3.0,3.952,3.25,4.38,1
283,63,2,1,5.5,4.0,4.0,3.0,5.0,5.0,4.0,3.0,5.0,3.0,4.0,4.0,7.0,5.0,5.0,5.0,5.0,6.0,5.0,3.0,3.0,2.0,4.286,5.5,4.12,1
284,23,2,1,3.0,4.0,5.0,4.0,5.0,7.0,6.0,6.0,5.0,6.0,4.0,6.0,7.0,4.0,4.0,4.0,5.0,6.0,5.0,5.0,3.0,4.0,5.0,6.0,4.12,1
285,41,1,1,6.0,5.0,6.0,6.0,7.0,7.0,5.0,5.0,3.0,4.0,5.0,3.0,5.0,5.0,6.0,6.0,4.0,4.0,5.0,4.0,4.0,5.0,4.952,5.75,6.0,1
286,43,1,1,7.0,7.0,7.0,6.0,5.0,5.0,7.0,7.0,6.0,6.0,7.0,7.0,7.0,6.0,4.0,6.0,7.0,6.0,6.0,5.0,5.0,5.0,6.048,7.0,7.0,1
287,20,2,1,5.5,6.0,6.0,7.0,6.0,6.0,6.0,6.0,6.0,5.0,5.0,6.0,6.0,4.0,4.0,4.0,6.0,7.0,5.0,6.0,6.0,5.0,5.619,5.5,5.88,1
288,41,2,1,4.0,5.0,4.0,3.0,5.0,4.0,4.0,5.0,5.0,5.0,4.0,7.0,4.0,5.0,4.0,5.0,4.0,4.0,5.0,5.0,5.0,4.0,4.571,6.5,4.62,1
289,29,2,0,7.0,7.0,7.0,7.0,7.0,7.0,6.0,7.0,7.0,7.0,6.0,7.0,5.0,7.0,6.0,7.0,7.0,7.0,7.0,7.0,7.0,6.0,6.714,5.75,6.88,1
290,38,2,0,5.75,4.0,5.0,6.0,6.0,6.0,6.0,7.0,7.0,7.0,6.0,5.0,6.0,4.0,6.0,5.0,6.0,6.0,7.0,5.0,6.0,5.0,5.762,5.25,6.25,1
291,41,1,0,4.0,6.0,7.0,7.0,3.0,5.0,6.0,6.0,6.0,6.0,7.0,7.0,7.0,5.0,7.0,6.0,7.0,7.0,7.0,5.0,5.0,6.0,6.095,3.5,6.12,1
292,53,1,0,5.5,7.0,7.0,6.0,4.0,4.0,3.0,3.0,4.0,6.0,6.0,6.0,6.0,6.0,6.0,5.0,5.0,5.0,5.0,4.0,3.0,4.0,5.0,5.0,6.12,1
293,50,2,0,5.75,5.0,6.0,5.0,4.0,5.0,6.0,5.0,6.0,5.0,6.0,5.0,6.0,4.0,5.0,4.0,6.0,6.0,5.0,5.0,3.0,3.0,5.0,6.25,6.12,1
294,46,2,1,5.25,5.0,4.0,5.0,5.0,4.0,5.0,6.0,6.0,5.0,7.0,7.0,5.0,7.0,5.0,6.0,5.0,5.0,5.0,4.0,5.0,4.0,5.238,6.75,6.12,1
295,41,2,0,3.5,3.0,5.0,4.0,3.0,5.0,6.0,6.0,5.0,6.0,5.0,5.0,5.0,6.0,5.0,5.0,6.0,7.0,7.0,5.0,5.0,5.0,5.19,4.0,6.12,1
296,22,1,1,3.75,6.0,5.0,5.0,5.0,6.0,5.0,7.0,5.0,6.0,7.0,6.0,6.0,6.0,5.0,5.0,5.0,5.0,6.0,6.0,7.0,4.0,5.619,3.0,4.5,1
297,28,1,1,5.0,5.0,6.0,5.0,3.0,5.0,2.0,4.0,3.0,4.0,6.0,5.0,6.0,6.0,5.0,5.0,4.0,5.0,4.0,5.0,4.0,4.0,4.571,4.0,3.5,1
298,18,2,0,3.5,7.0,6.0,6.0,7.0,5.0,5.0,5.0,7.0,5.0,6.0,5.0,6.0,5.0,5.0,6.0,5.0,5.0,6.0,4.0,6.0,4.0,5.524,3.0,5.0,1
299,23,1,0,6.5,6.0,7.0,6.0,7.0,7.0,7.0,5.0,6.0,7.0,7.0,7.0,6.0,7.0,7.0,7.0,6.0,7.0,6.0,6.0,6.0,6.0,6.476,6.25,5.88,1
300,39,2,1,2.5,5.0,4.0,4.0,5.0,4.0,4.0,6.0,6.0,5.0,4.0,6.0,5.0,3.0,4.0,5.0,4.0,3.0,3.0,4.0,4.0,4.0,4.381,4.0,5.25,1
301,26,1,0,5.0,5.0,6.0,5.0,3.0,5.0,5.0,2.0,3.0,3.0,4.0,5.0,3.0,7.0,5.0,5.0,4.0,3.0,4.0,4.0,4.0,3.0,4.19,4.0,2.88,1
302,50,3,1,5.0,6.0,5.0,7.0,5.0,5.0,6.0,7.0,6.0,7.0,7.0,5.0,6.0,6.0,6.0,5.0,7.0,6.0,6.0,6.0,6.0,6.0,6.0,5.5,5.5,1
303,45,1,1,6.0,6.0,5.0,6.0,6.0,5.0,7.0,5.0,5.0,5.0,5.0,3.0,4.0,6.0,7.0,5.0,4.0,5.0,5.0,4.0,4.0,5.0,5.095,5.5,5.5,1
304,37,1,1,4.75,6.0,4.0,5.0,4.0,5.0,7.0,4.0,5.0,6.0,5.0,5.0,3.0,7.0,6.0,5.0,5.0,6.0,6.0,5.0,5.0,6.0,5.238,4.5,5.88,1
305,74,1,0,5.5,4.0,5.0,5.0,7.0,7.0,6.0,4.0,3.0,3.0,5.0,5.0,5.0,4.0,3.0,2.0,4.0,5.0,6.0,3.0,4.0,4.0,4.476,6.0,4.12,1
306,36,2,1,4.25,7.0,5.0,7.0,4.0,7.0,6.0,7.0,5.0,7.0,6.0,5.0,5.0,5.0,5.0,5.0,6.0,5.0,6.0,7.0,7.0,7.0,5.905,4.0,4.88,1
307,34,2,0,5.25,4.0,6.0,4.0,5.0,4.0,5.0,5.0,5.0,5.0,5.0,5.0,6.0,7.0,5.0,6.0,7.0,6.0,5.0,4.0,4.0,4.0,5.095,6.25,5.62,1
308,43,2,1,5.0,6.0,7.0,7.0,7.0,7.0,6.0,7.0,7.0,7.0,7.0,6.0,6.0,5.0,7.0,6.0,5.0,6.0,6.0,7.0,5.0,7.0,6.381,7.0,5.88,1
309,50,2,1,3.75,4.0,5.0,4.0,5.0,6.0,3.0,4.0,5.0,4.0,7.0,5.0,5.0,4.0,5.0,6.0,6.0,5.0,5.0,4.0,4.0,5.0,4.81,4.5,6.0,1
310,37,1,1,3.0,5.0,4.0,5.0,6.0,5.0,4.0,5.0,5.0,5.0,5.0,4.0,6.0,6.0,6.0,7.0,4.0,4.0,5.0,5.0,4.0,4.0,4.952,3.5,4.5,1
311,23,1,1,5.5,5.0,4.0,6.0,4.0,4.0,2.0,3.0,4.0,3.0,7.0,7.0,5.0,4.0,5.0,4.0,4.0,5.0,4.0,3.0,4.0,3.0,4.286,5.0,6.25,1
312,42,2,1,7.0,7.0,7.0,7.0,6.0,7.0,6.0,6.0,7.0,6.0,6.0,5.0,5.0,7.0,7.0,7.0,7.0,6.0,6.0,6.0,6.0,7.0,6.381,7.0,6.75,1
313,39,1,0,6.0,6.0,6.0,6.0,5.0,7.0,4.0,6.0,7.0,7.0,7.0,6.0,7.0,7.0,7.0,7.0,6.0,7.0,7.0,7.0,7.0,7.0,6.476,7.0,6.38,1
314,42,1,1,3.5,5.0,5.0,5.0,5.0,5.0,6.0,4.0,4.0,5.0,5.0,5.0,5.0,5.0,4.0,3.0,5.0,6.0,6.0,6.0,6.0,5.0,5.0,5.5,5.88,1
315,43,2,0,4.25,7.0,5.0,6.0,6.0,6.0,5.0,4.0,3.0,4.0,6.0,6.0,6.0,4.0,4.0,5.0,5.0,5.0,7.0,3.0,3.0,4.0,4.952,4.5,5.38,1
316,42,1,1,4.75,4.0,5.0,4.0,5.0,6.0,5.0,7.0,7.0,7.0,7.0,6.0,6.0,7.0,6.0,7.0,6.0,6.0,6.0,6.0,6.0,6.0,5.952,7.0,6.62,1
317,21,2,1,6.25,6.0,7.0,7.0,6.0,6.0,6.0,7.0,7.0,7.0,7.0,7.0,7.0,6.0,7.0,7.0,7.0,7.0,7.0,7.0,6.0,6.0,6.667,7.0,6.88,1
318,36,2,0,6.25,5.0,6.0,6.0,6.0,6.0,6.0,5.0,6.0,6.0,5.0,5.0,7.0,6.0,6.0,4.0,6.0,6.0,6.0,5.0,5.0,5.0,5.619,6.75,4.62,1
319,25,1,1,4.5,7.0,7.0,7.0,5.0,4.0,6.0,5.0,5.0,6.0,6.0,6.0,6.0,4.0,4.0,4.0,5.0,5.0,6.0,5.0,5.0,5.0,5.381,5.25,3.38,1
320,30,1,0,4.75,5.0,6.0,5.0,3.0,4.0,4.0,4.0,4.0,5.0,5.0,5.0,6.0,5.0,6.0,6.0,4.0,4.0,3.0,5.0,6.0,6.0,4.81,3.25,5.12,1
321,50,2,0,2.5,4.0,3.0,4.0,5.0,6.0,5.0,5.0,4.0,4.0,4.0,5.0,5.0,5.0,3.0,4.0,5.0,5.0,5.0,4.0,6.0,4.0,4.524,4.0,4.25,1
322,26,1,1,4.25,5.0,5.0,5.0,7.0,5.0,5.0,4.0,5.0,5.0,5.0,4.0,6.0,6.0,6.0,6.0,5.0,4.0,6.0,3.0,5.0,6.0,5.143,4.75,5.38,1
323,62,2,0,3.5,3.0,4.0,4.0,5.0,5.0,5.0,3.0,3.0,4.0,5.0,4.0,5.0,5.0,5.0,6.0,4.0,5.0,6.0,3.0,3.0,3.0,4.286,4.75,6.12,1
324,31,2,0,5.0,3.0,4.0,4.0,6.0,4.0,4.0,3.0,2.0,4.0,3.0,5.0,5.0,5.0,4.0,5.0,3.0,5.0,3.0,4.0,5.0,4.0,4.048,5.0,5.5,1
325,41,2,0,4.75,4.0,4.0,4.0,3.0,3.0,3.0,4.0,4.0,3.0,6.0,5.0,4.0,5.0,5.0,6.0,3.0,1.0,4.0,3.0,4.0,5.0,3.952,5.25,5.0,1
326,50,2,0,4.5,4.0,4.0,5.0,4.0,4.0,3.0,2.0,2.0,3.0,4.0,4.0,4.0,3.0,3.0,3.0,2.0,3.0,3.0,2.0,4.0,3.0,3.286,3.5,4.5,1
327,39,1,1,4.5,6.0,4.0,6.0,6.0,5.0,5.0,6.0,6.0,6.0,7.0,6.0,6.0,6.0,6.0,5.0,5.0,5.0,6.0,7.0,5.0,6.0,5.714,5.0,5.88,1
328,39,1,0,3.5,4.0,3.0,2.0,4.0,6.0,3.0,4.0,3.0,3.0,5.0,3.0,4.0,5.0,4.0,4.0,3.0,4.0,6.0,4.0,4.0,4.0,3.905,3.5,5.25,1
329,50,1,0,4.25,4.0,2.0,2.0,4.0,4.0,3.0,3.0,3.0,3.0,4.0,4.0,5.0,3.0,5.0,3.0,4.0,4.0,3.0,2.0,2.0,2.0,3.286,5.5,4.75,1
330,52,2,1,3.0,5.0,5.0,7.0,5.0,4.0,5.0,4.0,5.0,4.0,4.0,5.0,4.0,4.0,5.0,5.0,6.0,6.0,6.0,4.0,5.0,5.0,4.905,6.25,4.25,1
331,40,2,1,5.25,6.0,6.0,7.0,7.0,7.0,7.0,5.0,5.0,6.0,5.0,5.0,5.0,7.0,7.0,5.0,5.0,4.0,5.0,5.0,5.0,5.0,5.667,6.5,6.38,1
332,26,2,0,3.25,4.0,6.0,4.0,4.0,4.0,5.0,4.0,4.0,5.0,5.0,5.0,5.0,4.0,5.0,4.0,4.0,3.0,3.0,4.0,3.0,4.0,4.238,5.0,3.5,1
333,26,1,1,4.5,6.0,6.0,5.0,4.0,7.0,6.0,5.0,6.0,5.0,5.0,5.0,5.0,4.0,5.0,4.0,6.0,5.0,5.0,4.0,5.0,5.0,5.143,5.0,6.25,1
334,51,2,1,3.25,5.0,5.0,4.0,4.0,4.0,5.0,3.0,4.0,3.0,4.0,5.0,6.0,6.0,4.0,3.0,5.0,5.0,4.0,6.0,5.0,5.0,4.524,5.0,5.62,1
335,29,1,1,4.5,5.0,6.0,5.0,5.0,5.0,3.0,3.0,4.0,4.0,5.0,4.0,5.0,5.0,4.0,4.0,4.0,4.0,5.0,5.0,4.0,4.0,4.429,4.5,3.62,1
336,36,1,1,6.0,6.0,6.0,6.0,7.0,7.0,7.0,6.0,6.0,5.0,5.0,7.0,6.0,5.0,6.0,5.0,5.0,6.0,6.0,7.0,6.0,7.0,6.048,7.0,5.88,1
337,37,2,0,5.25,6.0,5.0,5.0,5.0,7.0,6.0,5.0,6.0,6.0,6.0,6.0,6.0,5.0,4.0,4.0,4.0,5.0,4.0,6.0,6.0,6.0,5.381,6.0,6.5,1
338,33,1,0,3.0,7.0,5.0,5.0,3.0,5.0,4.0,4.0,6.0,4.0,5.0,4.0,5.0,5.0,6.0,4.0,4.0,3.0,5.0,4.0,5.0,4.0,4.619,4.25,3.75,1
339,40,2,1,2.75,7.0,5.0,5.0,5.0,5.0,6.0,3.0,4.0,5.0,7.0,6.0,7.0,5.0,5.0,7.0,5.0,5.0,5.0,6.0,5.0,4.0,5.333,3.75,4.75,1
340,36,2,0,5.25,4.0,4.0,4.0,5.0,3.0,6.0,6.0,5.0,4.0,7.0,6.0,5.0,5.0,6.0,5.0,6.0,5.0,5.0,5.0,5.0,6.0,5.095,6.0,6.38,1
341,28,1,1,6.75,5.0,6.0,5.0,5.0,6.0,7.0,4.0,5.0,6.0,7.0,7.0,7.0,7.0,6.0,7.0,5.0,5.0,5.0,5.0,7.0,7.0,5.905,6.25,6.38,1
342,40,2,0,6.0,3.0,5.0,2.0,4.0,5.0,4.0,5.0,6.0,6.0,5.0,5.0,4.0,3.0,4.0,5.0,4.0,5.0,4.0,4.0,4.0,4.0,4.333,6.0,6.5,1
343,18,2,1,2.0,4.0,3.0,4.0,2.0,3.0,2.0,4.0,5.0,5.0,3.0,5.0,4.0,3.0,3.0,4.0,3.0,3.0,4.0,3.0,2.0,3.0,3.429,5.0,3.75,0
344,41,2,1,4.75,6.0,6.0,6.0,6.0,7.0,7.0,7.0,5.0,6.0,7.0,7.0,7.0,7.0,5.0,7.0,7.0,7.0,7.0,6.0,6.0,6.0,6.429,7.0,6.5,1
345,48,1,0,4.5,6.0,4.0,5.0,4.0,4.0,4.0,5.0,6.0,6.0,5.0,5.0,5.0,4.0,4.0,4.0,6.0,6.0,6.0,6.0,6.0,6.0,5.095,7.0,5.88,1
346,26,1,1,1.0,5.0,5.0,5.0,5.0,6.0,4.0,5.0,4.0,4.0,7.0,4.0,5.0,5.0,6.0,5.0,5.0,6.0,5.0,4.0,5.0,5.0,5.0,3.75,3.5,1
347,45,2,1,4.5,7.0,7.0,7.0,6.0,5.0,5.0,5.0,5.0,4.0,6.0,5.0,7.0,7.0,7.0,6.0,6.0,7.0,6.0,6.0,7.0,7.0,6.095,4.5,4.5,1
348,37,2,1,5.25,6.0,6.0,6.0,7.0,5.0,5.0,6.0,5.0,6.0,6.0,6.0,5.0,6.0,6.0,6.0,7.0,7.0,6.0,5.0,5.0,5.0,5.81,4.75,6.5,1
349,40,1,0,4.75,4.0,4.0,4.0,7.0,3.0,5.0,5.0,6.0,7.0,5.0,5.0,2.0,4.0,6.0,6.0,7.0,5.0,7.0,6.0,5.0,6.0,5.19,4.75,4.75,1
350,36,1,1,5.25,5.0,2.0,5.0,6.0,7.0,6.0,5.0,7.0,7.0,7.0,6.0,5.0,3.0,5.0,5.0,5.0,4.0,5.0,6.0,7.0,4.0,5.333,5.25,6.75,1
351,27,2,1,4.5,4.0,7.0,6.0,5.0,5.0,5.0,6.0,5.0,5.0,5.0,4.0,5.0,7.0,5.0,6.0,5.0,6.0,5.0,4.0,3.0,3.0,5.048,4.5,5.5,1
352,32,2,0,3.5,5.0,5.0,5.0,6.0,5.0,6.0,5.0,6.0,5.0,5.0,4.0,5.0,6.0,6.0,5.0,7.0,5.0,6.0,5.0,5.0,5.0,5.333,5.5,5.88,1
353,41,1,0,5.25,3.0,4.0,4.0,5.0,5.0,4.0,4.0,4.0,5.0,5.0,5.0,5.0,7.0,5.0,6.0,5.0,5.0,5.0,4.0,3.0,4.0,4.619,6.5,5.62,0
354,29,1,1,4.5,6.0,7.0,5.0,6.0,4.0,6.0,7.0,6.0,4.0,6.0,6.0,7.0,7.0,5.0,4.0,5.0,5.0,5.0,5.0,5.0,4.0,5.476,5.25,4.62,1
355,34,2,0,4.75,6.0,6.0,6.0,6.0,6.0,5.0,5.0,6.0,6.0,5.0,6.0,6.0,6.0,6.0,6.0,6.0,4.0,6.0,7.0,7.0,7.0,5.905,5.0,5.88,1
356,28,2,0,3.0,5.0,5.0,4.0,4.0,3.0,4.0,2.0,2.0,3.0,4.0,5.0,4.0,4.0,3.0,4.0,3.0,3.0,3.0,5.0,5.0,3.0,3.714,4.0,6.12,1
357,32,2,0,5.0,7.0,6.0,6.0,4.0,4.0,4.0,5.0,4.0,5.0,4.0,6.0,5.0,4.0,5.0,5.0,6.0,4.0,4.0,5.0,2.0,4.0,4.714,6.25,6.12,1
358,26,2,1,4.75,5.0,4.0,3.0,4.0,4.0,4.0,4.0,4.0,4.0,4.0,5.0,4.0,5.0,2.0,4.0,5.0,4.0,5.0,5.0,4.0,4.0,4.143,4.75,5.12,1
359,36,1,0,2.0,3.0,3.0,4.0,5.0,5.0,3.0,5.0,6.0,6.0,2.0,3.0,3.0,5.0,6.0,5.0,4.0,4.0,6.0,6.0,4.0,4.0,4.381,5.5,4.5,1
360,40,2,1,6.25,7.0,5.0,6.0,6.0,6.0,5.0,7.0,7.0,6.0,7.0,7.0,7.0,6.0,6.0,7.0,7.0,6.0,6.0,7.0,6.0,7.0,6.381,7.0,6.75,1
361,47,2,0,6.5,6.0,6.0,6.0,6.0,6.0,6.0,6.0,6.0,6.0,7.0,7.0,7.0,5.0,7.0,7.0,4.0,5.0,5.0,4.0,4.0,7.0,5.857,7.0,6.5,1
362,52,1,0,4.75,2.0,2.0,1.0,2.0,5.0,3.0,3.0,2.0,3.0,3.0,4.0,4.0,3.0,4.0,3.0,5.0,6.0,5.0,4.0,3.0,4.0,3.381,6.0,5.62,1
363,26,1,1,5.25,7.0,5.0,6.0,6.0,6.0,6.0,7.0,6.0,7.0,4.0,5.0,4.0,6.0,7.0,6.0,5.0,5.0,5.0,6.0,7.0,6.0,5.81,5.75,6.75,1
364,30,1,0,6.75,5.0,5.0,6.0,6.0,6.0,4.0,5.0,5.0,5.0,5.0,3.0,4.0,7.0,6.0,5.0,6.0,6.0,7.0,4.0,5.0,5.0,5.238,4.0,5.25,1
365,48,1,0,2.25,5.0,5.0,5.0,6.0,5.0,4.0,7.0,6.0,6.0,5.0,5.0,5.0,7.0,4.0,5.0,5.0,5.0,6.0,3.0,5.0,5.0,5.19,4.25,4.12,1
366,43,1,0,6.0,5.0,3.0,6.0,5.0,5.0,6.0,6.0,6.0,6.0,6.0,5.0,5.0,5.0,3.0,5.0,3.0,3.0,3.0,5.0,5.0,4.0,4.762,4.75,6.88,1
367,24,2,1,5.75,6.0,5.0,6.0,4.0,4.0,5.0,4.0,4.0,5.0,5.0,4.0,4.0,4.0,6.0,6.0,5.0,7.0,6.0,6.0,5.0,6.0,5.095,5.5,5.38,1
368,26,1,1,3.5,6.0,7.0,5.0,4.0,4.0,4.0,6.0,4.0,6.0,4.0,5.0,5.0,4.0,5.0,5.0,4.0,5.0,4.0,5.0,5.0,4.0,4.81,3.75,4.75,1
369,36,1,1,5.5,5.0,6.0,4.0,7.0,5.0,5.0,5.0,6.0,4.0,5.0,6.0,5.0,5.0,5.0,4.0,5.0,5.0,5.0,4.0,5.0,6.0,5.095,5.0,5.62,1
370,47,2,1,5.5,6.0,6.0,6.0,5.0,7.0,5.0,5.0,5.0,5.0,5.0,5.0,7.0,5.0,6.0,7.0,5.0,6.0,6.0,4.0,6.0,6.0,5.619,4.5,5.75,1
371,34,2,1,5.0,4.0,4.0,6.0,5.0,5.0,4.0,5.0,5.0,7.0,3.0,6.0,6.0,5.0,5.0,5.0,4.0,5.0,5.0,4.0,4.0,4.0,4.81,5.5,6.0,1
372,39,1,1,5.0,5.0,5.0,6.0,5.0,4.0,5.0,5.0,5.0,4.0,5.0,4.0,5.0,7.0,6.0,7.0,5.0,7.0,4.0,5.0,7.0,6.0,5.333,5.25,5.12,1
373,36,2,1,2.25,4.0,7.0,6.0,5.0,5.0,4.0,4.0,3.0,6.0,5.0,6.0,6.0,5.0,6.0,6.0,6.0,7.0,6.0,6.0,6.0,4.0,5.381,3.0,3.88,1
374,41,2,1,6.5,7.0,7.0,7.0,7.0,6.0,6.0,6.0,7.0,6.0,6.0,7.0,7.0,7.0,7.0,7.0,6.0,6.0,6.0,7.0,7.0,5.0,6.524,6.75,6.88,1
375,58,2,0,4.5,5.0,5.0,6.0,6.0,6.0,6.0,5.0,6.0,6.0,4.0,5.0,5.0,6.0,6.0,4.0,5.0,5.0,5.0,3.0,3.0,3.0,5.0,5.5,5.5,1
376,35,2,1,5.75,4.0,4.0,4.0,5.0,5.0,3.0,4.0,6.0,5.0,4.0,3.0,3.0,4.0,6.0,5.0,7.0,5.0,6.0,5.0,4.0,5.0,4.619,3.5,4.88,0
377,34,1,1,5.5,4.0,4.0,5.0,6.0,5.0,6.0,6.0,6.0,6.0,7.0,5.0,7.0,4.0,5.0,6.0,7.0,5.0,6.0,3.0,4.0,4.0,5.286,6.0,5.25,1
378,31,2,1,2.5,6.0,7.0,5.0,4.0,5.0,3.0,5.0,5.0,5.0,6.0,6.0,5.0,5.0,4.0,4.0,6.0,6.0,6.0,5.0,5.0,5.0,5.143,3.5,4.5,1
379,31,1,0,6.0,6.0,6.0,6.0,5.0,4.0,4.0,6.0,6.0,6.0,7.0,5.0,7.0,6.0,6.0,7.0,5.0,4.0,4.0,6.0,5.0,5.0,5.524,4.75,5.88,1
380,34,1,1,6.25,6.0,6.0,6.0,6.0,5.0,5.0,7.0,5.0,6.0,6.0,5.0,4.0,6.0,5.0,7.0,7.0,6.0,7.0,5.0,5.0,6.0,5.762,6.5,6.75,1
