id,year,birth,age,hjs,mil,cohort
1,2015,1997,18,5.28,3.48,1990
2,2015,1997,18,3.97,4.87,1990
3,2015,1961,54,4.31,4.25,1960
4,2015,1982,33,4.42,3.31,1980
5,2015,1997,18,6.08,4.19,1990
6,2015,1980,35,6.18,2.58,1980
7,2015,1966,49,4.91,4.11,1960
8,2015,1978,37,4.31,5.23,1970
9,2015,1995,20,4.71,2.75,1990
10,2015,1987,28,4.56,5.27,1980
11,2015,1990,25,5.33,3.97,1990
12,2015,1992,23,6.2,4.52,1990
13,2015,1997,18,4.84,3.25,1990
14,2015,1997,18,4.09,2.88,1990
15,2015,1997,18,4.38,3.4,1990
16,2015,1993,22,4.57,3.21,1990
17,2015,1961,54,5.25,4.85,1960
18,2015,1971,44,3.79,4.76,1970
19,2015,1997,18,5.3,4.26,1990
20,2015,1961,54,4.54,4.45,1960
21,2015,1995,20,5.23,3.31,1990
22,2015,1962,53,5.06,4.86,1960
23,2015,1968,47,4.37,3.77,1960
24,2015,1990,25,5.64,4.58,1990
25,2015,1984,31,4.98,3.83,1980
26,2015,1983,32,4.97,3.65,1980
27,2015,1978,37,3.6,4.89,1970
28,2015,1959,56,3.76,3.83,1950
29,2015,1991,24,4.56,2.32,1990
30,2015,1958,57,4.71,5.83,1950
31,2015,1964,51,3.67,4.61,1960
32,2015,1997,18,5.09,4.86,1990
33,2015,1958,57,5.65,5.57,1950
34,2015,1997,18,5.16,3.96,1990
35,2015,1988,27,4.63,5.74,1980
36,2015,1980,35,5.05,5.04,1980
37,2015,1997,18,5.26,4.27,1990
38,2015,1956,59,4.82,4.27,1950
39,2015,1956,59,4.08,3.95,1950
40,2015,1968,47,3.56,3.67,1960
41,2015,1982,33,5.09,5.54,1980
42,2015,1965,50,4.31,4.76,1960
43,2015,1982,33,5.95,3.75,1980
44,2015,1973,42,4.49,4.96,1970
45,2015,1997,18,5.51,3.52,1990
46,2015,1987,28,4.26,5.09,1980
47,2015,1955,60,4.82,4.03,1950
48,2015,1968,47,4.63,5.59,1960
49,2015,1981,34,5.55,5.96,1980
50,2015,1997,18,4.9,3.31,1990
51,2015,1968,47,4.29,3.17,1960
52,2015,1970,45,3.65,4.24,1970
53,2015,1996,19,4.73,2.09,1990
54,2015,1991,24,6.16,6.18,1990
55,2015,1971,44,5.11,5.15,1970
56,2015,1997,18,4.48,2.59,1990
57,2015,1993,22,4.39,4.21,1990
58,2015,1997,18,5.14,4.87,1990
59,2015,1987,28,5.54,4.89,1980
60,2015,1983,32,3.98,3.58,1980
61,2015,1987,28,6.03,5.96,1980
62,2015,1987,28,4.96,3.32,1980
63,2015,1991,24,3.64,3.95,1990
64,2015,1961,54,4.71,6.88,1960
65,2015,1972,43,4.84,7.0,1970
66,2015,1991,24,5.75,3.4,1990
67,2015,1990,25,4.19,2.76,1990
68,2015,1959,56,4.14,6.43,1950
69,2015,1992,23,4.41,4.71,1990
70,2015,1980,35,4.82,5.11,1980
71,2015,1997,18,5.38,5.68,1990
72,2015,1968,47,4.02,4.21,1960
73,2015,1981,34,4.02,3.96,1980
74,2015,1970,45,3.88,3.61,1970
75,2015,1993,22,6.42,3.37,1990
76,2015,1956,59,5.62,3.4,1950
77,2015,1993,22,4.86,4.55,1990
78,2015,1959,56,3.82,4.48,1950
79,2015,1971,44,4.72,4.17,1970
80,2015,1955,60,5.06,4.36,1950
81,2015,1958,57,5.62,4.25,1950
82,2015,1997,18,4.41,4.76,1990
83,2015,1960,55,4.79,3.95,1960
84,2015,1972,43,5.46,4.72,1970
85,2015,1988,27,6.46,4.28,1980
86,2015,1962,53,4.3,4.7,1960
87,2015,1982,33,5.0,3.68,1980
88,2015,1997,18,4.93,3.52,1990
89,2015,1983,32,5.36,5.13,1980
90,2015,1996,19,5.28,3.67,1990
91,2015,1970,45,5.88,5.89,1970
92,2015,1997,18,4.3,3.42,1990
93,2015,1987,28,5.06,5.82,1980
94,2015,1977,38,4.6,3.68,1970
95,2015,1958,57,5.5,4.82,1950
96,2015,1997,18,4.96,3.2,1990
97,2015,1981,34,5.64,5.68,1980
98,2015,1993,22,5.12,2.89,1990
99,2015,1963,52,5.84,6.76,1960
100,2015,1961,54,4.46,5.89,1960
101,2015,1985,30,5.28,5.53,1980
102,2015,1974,41,5.37,3.36,1970
103,2015,1997,18,4.62,4.08,1990
104,2015,1983,32,5.57,4.47,1980
105,2015,1966,49,5.02,5.41,1960
106,2015,1978,37,4.8,4.34,1970
107,2015,1994,21,4.84,4.38,1990
108,2015,1971,44,5.35,4.2,1970
109,2015,1997,18,4.88,4.23,1990
110,2015,1997,18,4.53,2.0,1990
111,2015,1997,18,5.54,2.66,1990
112,2015,1987,28,4.61,3.85,1980
113,2015,1983,32,4.43,2.97,1980
114,2015,1970,45,5.19,3.86,1970
115,2015,1963,52,4.42,4.59,1960
116,2015,1979,36,4.45,3.17,1970
117,2015,1965,50,4.95,4.86,1960
118,2015,1981,34,5.83,4.04,1980
119,2015,1992,23,5.62,4.61,1990
120,2015,1980,35,5.65,3.28,1980
121,2015,1987,28,5.18,4.98,1980
122,2015,1971,44,5.34,3.99,1970
123,2015,1985,30,5.33,5.5,1980
124,2015,1976,39,5.27,2.73,1970
125,2015,1979,36,4.7,5.18,1970
126,2015,1968,47,5.22,5.27,1960
127,2015,1964,51,5.84,5.51,1960
128,2015,1984,31,5.04,4.83,1980
129,2015,1997,18,5.08,3.27,1990
130,2015,1962,53,4.44,4.35,1960
131,2015,1964,51,4.56,3.22,1960
132,2015,1956,59,4.5,4.13,1950
133,2015,1959,56,5.15,4.3,1950
134,2015,1976,39,5.68,3.24,1970
135,2015,1967,48,5.84,3.21,1960
136,2015,1989,26,5.43,5.55,1980
137,2015,1990,25,5.5,4.92,1990
138,2015,1961,54,4.77,5.7,1960
139,2015,1997,18,5.2,3.85,1990
140,2015,1967,48,5.14,5.37,1960
141,2015,1997,18,4.76,3.56,1990
142,2015,1997,18,6.74,5.61,1990
143,2015,1983,32,5.38,4.1,1980
144,2015,1997,18,5.92,5.4,1990
145,2015,1994,21,5.49,2.68,1990
146,2015,1982,33,4.54,2.3,1980
147,2015,1997,18,5.01,4.52,1990
148,2015,1997,18,5.1,5.24,1990
149,2015,1992,23,5.93,3.23,1990
150,2015,1964,51,5.67,2.46,1960
151,2015,1969,46,4.46,5.22,1960
152,2015,1963,52,5.37,5.52,1960
153,2015,1955,60,3.89,3.46,1950
154,2015,1990,25,4.11,2.03,1990
155,2015,1984,31,4.27,2.81,1980
156,2015,1960,55,4.11,4.6,1960
157,2015,1959,56,4.03,3.43,1950
158,2015,1993,22,5.16,3.51,1990
159,2015,1960,55,4.52,3.06,1960
160,2015,1963,52,3.8,4.43,1960
161,2015,1997,18,5.4,4.6,1990
162,2015,1994,21,4.92,4.23,1990
163,2015,1996,19,5.55,4.96,1990
164,2015,1997,18,5.19,2.68,1990
165,2015,1968,47,5.92,6.91,1960
166,2015,1958,57,6.42,4.74,1950
167,2015,1972,43,5.34,3.71,1970
168,2015,1977,38,5.27,4.03,1970
169,2015,1971,44,6.01,3.57,1970
170,2015,1997,18,6.39,2.77,1990
171,2015,1965,50,4.11,4.3,1960
172,2015,1997,18,5.28,4.5,1990
173,2015,1961,54,4.48,5.48,1960
174,2015,1997,18,5.73,4.97,1990
175,2015,1991,24,4.98,2.82,1990
176,2015,1960,55,4.72,3.8,1960
177,2015,1959,56,4.25,2.8,1950
178,2015,1961,54,5.28,3.83,1960
179,2015,1955,60,3.52,3.92,1950
180,2015,1973,42,6.16,5.94,1970
181,2015,1994,21,4.63,4.28,1990
182,2015,1961,54,6.37,6.89,1960
183,2015,1996,19,5.36,4.14,1990
184,2015,1978,37,5.13,3.5,1970
185,2015,1993,22,5.12,5.01,1990
186,2015,1987,28,4.87,4.28,1980
187,2015,1966,49,5.26,4.12,1960
188,2015,1973,42,4.2,4.9,1970
189,2015,1959,56,5.16,5.81,1950
190,2015,1963,52,4.6,5.28,1960
191,2015,1955,60,3.92,5.47,1950
192,2015,1981,34,7.0,5.54,1980
193,2015,1985,30,5.02,5.48,1980
194,2015,1959,56,3.75,4.27,1950
195,2015,1983,32,4.2,6.05,1980
196,2015,1986,29,5.54,5.46,1980
197,2015,1975,40,4.99,4.72,1970
198,2015,1997,18,6.08,5.09,1990
199,2015,1987,28,4.6,3.21,1980
200,2015,1981,34,5.28,5.18,1980
201,2015,1972,43,5.4,3.63,1970
202,2015,1964,51,4.15,3.5,1960
203,2015,1966,49,5.15,4.47,1960
204,2015,1965,50,4.15,3.27,1960
205,2015,1974,41,4.72,2.86,1970
206,2015,1976,39,3.89,3.29,1970
207,2015,1990,25,5.8,4.19,1990
208,2015,1984,31,5.19,3.11,1980
209,2015,1987,28,4.82,4.11,1980
210,2015,1961,54,4.92,4.93,1960
211,2015,1992,23,5.34,4.05,1990
212,2015,1956,59,4.59,6.28,1950
213,2015,1997,18,3.76,3.55,1990
214,2015,1982,33,6.62,5.02,1980
215,2015,1982,33,5.86,5.67,1980
216,2015,1997,18,5.48,4.53,1990
217,2015,1988,27,4.46,5.51,1980
218,2015,1961,54,5.72,3.55,1960
219,2015,1993,22,3.9,1.95,1990
220,2015,1966,49,6.27,5.98,1960
221,2015,1979,36,6.12,3.47,1970
222,2015,1967,48,4.37,4.54,1960
223,2015,1981,34,4.72,3.54,1980
224,2015,1965,50,5.2,6.37,1960
225,2015,1968,47,4.71,5.27,1960
226,2015,1960,55,5.22,3.69,1960
227,2015,1982,33,4.58,3.83,1980
228,2015,1964,51,4.94,4.78,1960
229,2015,1994,21,5.03,4.3,1990
230,2015,1997,18,4.9,3.33,1990
231,2015,1997,18,5.06,3.88,1990
232,2015,1991,24,4.8,1.21,1990
233,2015,1957,58,4.45,5.04,1950
234,2015,1967,48,4.65,3.94,1960
235,2015,1997,18,3.96,3.99,1990
236,2015,1961,54,5.58,6.54,1960
237,2015,1997,18,4.1,4.23,1990
238,2015,1972,43,4.98,4.74,1970
239,2015,1997,18,5.23,4.28,1990
240,2015,1975,40,4.96,4.75,1970
241,2015,1971,44,4.63,4.97,1970
242,2015,1995,20,6.26,5.19,1990
243,2015,1997,18,5.98,3.98,1990
244,2015,1972,43,3.52,5.77,1970
245,2015,1994,21,5.22,4.56,1990
246,2015,1976,39,4.04,4.31,1970
247,2015,1959,56,4.38,4.84,1950
248,2015,1967,48,4.04,2.82,1960
249,2015,1969,46,5.36,3.35,1960
250,2015,1979,36,5.5,5.02,1970
251,2015,1955,60,4.73,4.91,1950
252,2015,1997,18,5.7,4.52,1990
253,2015,1996,19,5.17,2.26,1990
254,2015,1962,53,4.66,5.99,1960
255,2015,1968,47,5.23,5.61,1960
256,2015,1993,22,5.17,4.76,1990
257,2015,1997,18,5.09,4.27,1990
258,2015,1965,50,3.94,5.23,1960
259,2015,1964,51,4.67,5.11,1960
260,2015,1975,40,4.9,5.02,1970
261,2015,1970,45,3.89,4.19,1970
262,2015,1969,46,3.68,3.23,1960
263,2015,1970,45,4.63,4.61,1970
264,2015,1992,23,3.32,3.2,1990
265,2015,1986,29,5.0,4.6,1980
266,2015,1958,57,5.5,6.38,1950
267,2015,1955,60,4.93,3.95,1950
268,2015,1957,58,5.17,5.54,1950
269,2015,1996,19,4.92,3.73,1990
270,2015,1997,18,5.01,2.68,1990
271,2015,1986,29,5.27,4.33,1980
272,2015,1995,20,5.8,6.11,1990
273,2015,1987,28,4.38,2.86,1980
274,2015,1962,53,6.01,5.2,1960
275,2015,1962,53,4.22,3.96,1960
276,2015,1971,44,5.8,5.63,1970
277,2015,1994,21,5.9,4.76,1990
278,2015,1997,18,4.61,3.81,1990
279,2015,1976,39,5.46,5.13,1970
280,2015,1989,26,4.12,4.71,1980
281,2015,1985,30,5.21,4.55,1980
282,2015,1975,40,5.45,4.96,1970
283,2015,1965,50,4.7,3.56,1960
284,2015,1964,51,4.56,4.52,1960
285,2015,1976,39,5.1,4.09,1970
286,2015,1975,40,5.58,4.93,1970
287,2015,1978,37,5.65,5.9,1970
288,2015,1990,25,5.69,3.69,1990
289,2015,1971,44,4.69,4.92,1970
290,2015,1981,34,6.11,6.56,1980
291,2015,1981,34,4.56,6.1,1980
292,2015,1983,32,3.45,2.16,1980
293,2015,1965,50,5.22,4.54,1960
294,2015,1990,25,4.95,2.65,1990
295,2015,1997,18,5.95,4.37,1990
296,2015,1991,24,5.33,4.71,1990
297,2015,1967,48,4.5,5.08,1960
298,2015,1997,18,4.25,5.41,1990
299,2015,1963,52,3.78,2.63,1960
300,2015,1975,40,3.99,3.15,1970
301,2015,1997,18,5.52,4.29,1990
302,2015,1960,55,5.0,3.6,1960
303,2015,1981,34,5.34,5.55,1980
304,2015,1975,40,5.66,4.95,1970
305,2015,1974,41,5.28,5.3,1970
306,2015,1997,18,4.65,3.7,1990
307,2015,1979,36,4.55,5.6,1970
308,2015,1997,18,5.26,5.27,1990
309,2015,1960,55,4.83,5.58,1960
310,2015,1984,31,4.47,3.92,1980
311,2015,1993,22,4.43,3.72,1990
312,2015,1997,18,4.91,3.96,1990
313,2015,1979,36,4.64,4.11,1970
314,2015,1974,41,4.85,2.84,1970
315,2015,1964,51,4.81,5.66,1960
316,2015,1997,18,5.44,3.96,1990
317,2015,1966,49,4.73,4.09,1960
318,2015,1980,35,5.12,5.33,1980
319,2015,1995,20,6.66,5.66,1990
320,2015,1967,48,4.58,5.57,1960
321,2015,1991,24,5.02,4.37,1990
322,2015,1997,18,5.24,4.7,1990
323,2015,1967,48,5.7,5.86,1960
324,2015,1969,46,6.42,5.92,1960
325,2015,1997,18,4.26,3.88,1990
326,2015,1979,36,4.5,5.03,1970
327,2015,1960,55,5.86,4.32,1960
328,2015,1961,54,5.73,5.39,1960
329,2015,1972,43,4.52,2.23,1970
330,2015,1996,19,4.96,4.25,1990
331,2015,1970,45,4.22,2.99,1970
332,2015,1972,43,5.19,5.2,1970
333,2015,1989,26,5.22,4.5,1980
334,2015,1959,56,4.97,5.64,1950
335,2015,1966,49,4.92,4.11,1960
336,2015,1963,52,5.48,4.85,1960
337,2015,1974,41,4.28,4.85,1970
338,2015,1957,58,3.74,4.6,1950
339,2015,1956,59,4.2,4.92,1950
340,2015,1989,26,6.88,4.88,1980
341,2015,1981,34,4.81,3.88,1980
342,2015,1960,55,5.04,5.11,1960
343,2015,1957,58,5.43,4.44,1950
344,2015,1995,20,5.5,3.49,1990
345,2015,1971,44,5.89,4.98,1970
346,2015,1965,50,5.91,5.34,1960
347,2015,1997,18,5.37,4.39,1990
348,2015,1957,58,5.36,5.84,1950
349,2015,1967,48,4.62,5.81,1960
350,2015,1984,31,4.91,2.5,1980
351,2015,1981,34,5.7,5.71,1980
352,2015,1997,18,5.38,4.27,1990
353,2015,1974,41,5.38,4.09,1970
354,2015,1990,25,5.13,2.9,1990
355,2015,1973,42,5.87,6.15,1970
356,2015,1981,34,5.29,6.57,1980
357,2015,1993,22,5.27,4.29,1990
358,2015,1996,19,4.5,2.63,1990
359,2015,1981,34,5.45,5.24,1980
360,2015,1978,37,4.92,5.65,1970
361,2015,1974,41,4.56,4.46,1970
362,2015,1967,48,4.72,5.58,1960
363,2015,1958,57,4.45,4.36,1950
364,2015,1981,34,4.81,4.37,1980
365,2015,1997,18,5.07,4.4,1990
366,2015,1958,57,5.06,4.57,1950
367,2015,1982,33,4.51,3.65,1980
368,2015,1993,22,6.21,5.45,1990
369,2015,1972,43,5.39,3.59,1970
370,2015,1980,35,4.86,2.69,1980
371,2015,1989,26,5.34,4.4,1980
372,2015,1997,18,4.67,3.35,1990
373,2015,1984,31,4.52,2.53,1980
374,2015,1958,57,5.95,5.14,1950
375,2015,1977,38,4.38,4.85,1970
376,2015,1988,27,6.3,4.81,1980
377,2015,1961,54,5.45,5.05,1960
378,2015,1965,50,4.49,3.36,1960
379,2015,1957,58,3.61,3.71,1950
380,2015,1997,18,5.17,6.23,1990
381,2015,1987,28,4.43,4.35,1980
382,2015,1961,54,5.45,5.28,1960
383,2015,1997,18,4.72,5.36,1990
384,2015,1967,48,4.35,3.8,1960
385,2015,1988,27,6.27,5.94,1980
386,2015,1969,46,3.62,3.97,1960
387,2015,1976,39,5.21,6.08,1970
388,2015,1997,18,4.79,3.8,1990
389,2015,1955,60,4.9,6.42,1950
390,2015,1997,18,6.0,5.64,1990
391,2015,1960,55,4.48,2.71,1960
392,2015,1997,18,5.03,2.76,1990
393,2015,1997,18,4.36,2.85,1990
394,2015,1997,18,4.5,2.67,1990
395,2015,1957,58,5.38,5.09,1950
396,2015,1955,60,4.79,4.04,1950
397,2015,1964,51,4.33,4.98,1960
398,2015,1958,57,5.45,5.38,1950
399,2015,1995,20,6.03,4.74,1990
400,2015,1988,27,3.59,4.46,1980
401,2015,1982,33,4.68,4.21,1980
402,2015,1994,21,6.53,4.9,1990
403,2015,1960,55,6.08,3.94,1960
404,2015,1967,48,5.32,3.41,1960
405,2015,1997,18,5.37,2.9,1990
406,2015,1997,18,5.13,5.69,1990
407,2015,1961,54,3.64,3.74,1960
408,2015,1988,27,4.28,5.92,1980
409,2015,1995,20,4.7,4.02,1990
410,2015,1995,20,6.44,4.63,1990
411,2015,1967,48,5.71,3.72,1960
412,2015,1990,25,4.01,2.45,1990
413,2015,1996,19,5.24,3.78,1990
414,2015,1971,44,4.13,5.94,1970
415,2015,1959,56,3.37,4.35,1950
416,2015,1976,39,5.72,3.37,1970
417,2015,1956,59,4.51,4.27,1950
418,2015,1976,39,4.95,3.44,1970
419,2015,1981,34,5.18,4.02,1980
420,2015,1997,18,5.74,2.94,1990
421,2015,1994,21,5.22,5.03,1990
422,2015,1964,51,4.48,4.27,1960
423,2015,1997,18,3.76,3.38,1990
424,2015,1997,18,5.93,5.22,1990
425,2015,1976,39,4.87,3.56,1970
426,2015,1972,43,5.1,7.0,1970
427,2015,1962,53,4.84,5.22,1960
428,2015,1987,28,6.79,5.06,1980
429,2015,1997,18,4.5,5.02,1990
430,2015,1964,51,4.81,4.4,1960
431,2015,1960,55,5.14,5.04,1960
432,2015,1968,47,4.38,4.86,1960
433,2015,1956,59,4.09,4.5,1950
434,2015,1997,18,4.59,3.15,1990
435,2015,1997,18,6.37,5.21,1990
436,2015,1978,37,4.25,5.67,1970
437,2015,1956,59,5.2,5.41,1950
438,2015,1960,55,6.17,4.34,1960
439,2015,1968,47,4.64,4.68,1960
440,2015,1983,32,3.7,5.39,1980
441,2015,1997,18,6.21,5.52,1990
442,2015,1964,51,5.08,4.92,1960
443,2015,1973,42,5.45,4.67,1970
444,2015,1995,20,5.81,6.82,1990
445,2015,1986,29,4.66,3.38,1980
446,2015,1968,47,4.98,5.34,1960
447,2015,1997,18,5.72,5.03,1990
448,2015,1973,42,5.24,6.08,1970
449,2015,1970,45,4.93,4.84,1970
450,2015,1994,21,4.71,4.89,1990
451,2015,1989,26,5.41,3.75,1980
452,2015,1971,44,6.21,3.47,1970
453,2015,1959,56,6.32,5.49,1950
454,2015,1961,54,5.0,3.67,1960
455,2015,1970,45,5.71,5.41,1970
456,2015,1981,34,6.37,4.42,1980
457,2015,1997,18,3.79,2.52,1990
458,2015,1974,41,5.07,5.09,1970
459,2015,1974,41,3.68,3.42,1970
460,2015,1983,32,4.64,4.33,1980
461,2015,1981,34,6.29,4.77,1980
462,2015,1975,40,4.72,5.86,1970
463,2015,1997,18,3.85,2.65,1990
464,2015,1977,38,5.67,4.07,1970
465,2015,1997,18,6.26,2.96,1990
466,2015,1982,33,3.87,3.82,1980
467,2015,1982,33,5.48,4.73,1980
468,2015,1991,24,4.76,5.05,1990
469,2015,1965,50,4.58,5.72,1960
470,2015,1969,46,6.03,5.69,1960
471,2015,1985,30,5.25,5.23,1980
472,2015,1979,36,4.28,4.7,1970
473,2015,1993,22,5.51,5.66,1990
474,2015,1966,49,4.4,4.96,1960
475,2015,1964,51,5.19,4.69,1960
476,2015,1997,18,5.34,4.35,1990
477,2015,1997,18,5.2,2.46,1990
478,2015,1956,59,4.47,3.82,1950
479,2015,1981,34,5.89,4.49,1980
480,2015,1955,60,4.96,5.1,1950
481,2015,1995,20,5.18,2.56,1990
482,2015,1983,32,5.31,3.5,1980
483,2015,1975,40,5.28,7.0,1970
484,2015,1974,41,5.46,5.83,1970
485,2015,1984,31,5.37,4.63,1980
486,2015,1984,31,4.22,3.2,1980
487,2015,1995,20,4.39,4.19,1990
488,2015,1997,18,5.81,7.0,1990
489,2015,1992,23,5.02,2.34,1990
490,2015,1984,31,4.7,4.54,1980
491,2015,1960,55,4.57,3.83,1960
492,2015,1972,43,5.05,3.14,1970
493,2015,1988,27,5.25,4.46,1980
494,2015,1997,18,5.23,4.15,1990
495,2015,1985,30,5.49,3.37,1980
496,2015,1997,18,5.29,5.83,1990
497,2015,1976,39,5.77,4.88,1970
498,2015,1978,37,5.67,4.93,1970
499,2015,1969,46,4.84,4.7,1960
500,2015,1967,48,4.73,3.31,1960
501,2015,1991,24,4.3,4.47,1990
502,2015,1961,54,4.39,4.75,1960
503,2015,1980,35,5.61,3.7,1980
504,2015,1955,60,4.69,5.18,1950
505,2015,1967,48,6.19,5.61,1960
506,2015,1984,31,4.06,4.72,1980
507,2015,1991,24,6.3,4.92,1990
508,2015,1984,31,6.36,4.82,1980
509,2015,1975,40,4.56,4.0,1970
510,2015,1997,18,5.68,5.41,1990
511,2015,1962,53,5.2,6.2,1960
512,2015,1957,58,4.48,4.94,1950
513,2015,1965,50,5.57,4.11,1960
514,2015,1973,42,4.55,5.57,1970
515,2015,1987,28,4.44,3.71,1980
516,2015,1963,52,4.87,5.15,1960
517,2015,1990,25,4.7,3.99,1990
518,2015,1997,18,5.61,5.47,1990
519,2015,1997,18,4.84,4.04,1990
520,2015,1983,32,6.12,4.76,1980
521,2015,1964,51,4.88,5.39,1960
522,2015,1987,28,5.69,6.18,1980
523,2015,1997,18,6.13,3.32,1990
524,2015,1972,43,5.55,3.68,1970
525,2015,1991,24,4.7,4.28,1990
526,2015,1981,34,5.11,4.33,1980
527,2015,1967,48,3.54,3.95,1960
528,2015,1987,28,4.79,3.83,1980
529,2015,1997,18,4.34,4.68,1990
530,2015,1987,28,5.33,4.4,1980
531,2015,1997,18,4.98,4.85,1990
532,2015,1961,54,4.51,4.48,1960
533,2015,1963,52,4.52,2.99,1960
534,2015,1960,55,4.83,5.07,1960
535,2015,1976,39,4.69,4.41,1970
536,2015,1997,18,5.58,5.42,1990
537,2015,1983,32,6.21,4.12,1980
538,2015,1992,23,5.2,1.95,1990
539,2015,1971,44,5.05,4.86,1970
540,2015,1997,18,5.03,4.06,1990
541,2015,1962,53,4.34,3.18,1960
542,2015,1986,29,5.6,5.04,1980
543,2015,1997,18,5.59,5.22,1990
544,2015,1989,26,5.5,5.48,1980
545,2015,1980,35,5.1,4.99,1980
546,2015,1971,44,4.93,4.27,1970
547,2015,1980,35,4.14,5.24,1980
548,2015,1980,35,5.92,5.22,1980
549,2015,1997,18,6.17,5.77,1990
550,2015,1955,60,5.17,3.74,1950
551,2015,1997,18,5.42,3.16,1990
552,2015,1993,22,3.83,3.74,1990
553,2015,1966,49,4.75,3.67,1960
554,2015,1964,51,4.41,3.38,1960
555,2015,1967,48,4.52,5.17,1960
556,2015,1973,42,5.94,5.54,1970
557,2015,1966,49,4.09,4.19,1960
558,2015,1994,21,3.84,4.25,1990
559,2015,1961,54,5.61,3.54,1960
560,2015,1997,18,5.46,4.71,1990
561,2015,1986,29,4.52,4.97,1980
562,2015,1969,46,3.67,3.07,1960
563,2015,1987,28,5.06,3.71,1980
564,2015,1973,42,3.99,2.77,1970
565,2015,1955,60,3.75,5.24,1950
566,2015,1969,46,5.21,4.48,1960
567,2015,1966,49,5.85,5.83,1960
568,2015,1997,18,5.64,4.57,1990
569,2015,1964,51,4.69,4.72,1960
570,2015,1997,18,4.02,3.96,1990
571,2015,1978,37,5.37,4.94,1970
572,2015,1969,46,6.01,4.43,1960
573,2015,1997,18,5.57,4.08,1990
574,2015,1997,18,5.45,3.57,1990
575,2015,1997,18,6.33,6.45,1990
576,2015,1997,18,5.22,5.37,1990
577,2015,1972,43,5.46,4.1,1970
578,2015,1997,18,4.82,1.77,1990
579,2015,1958,57,4.36,3.92,1950
580,2015,1997,18,4.21,3.58,1990
581,2015,1997,18,4.92,4.88,1990
582,2015,1961,54,4.95,3.42,1960
583,2015,1989,26,7.0,3.86,1980
584,2015,1971,44,5.6,4.14,1970
585,2015,1979,36,4.4,4.18,1970
586,2015,1966,49,4.74,4.74,1960
587,2015,1981,34,4.84,3.72,1980
588,2015,1963,52,5.71,3.81,1960
589,2015,1957,58,4.76,3.46,1950
590,2015,1985,30,4.53,3.88,1980
591,2015,1958,57,5.5,6.16,1950
592,2015,1955,60,3.69,4.25,1950
593,2015,1958,57,4.54,7.0,1950
594,2015,1990,25,4.28,3.64,1990
595,2015,1971,44,5.22,4.23,1970
596,2015,1997,18,4.3,4.03,1990
597,2015,1975,40,4.64,4.08,1970
598,2015,1997,18,6.06,5.2,1990
599,2015,1977,38,5.77,5.2,1970
600,2015,1974,41,5.21,3.72,1970
601,2020,1992,28,6.07,4.51,1990
602,2020,2002,18,4.15,3.46,2000
603,2020,1984,36,5.54,3.96,1980
604,2020,1978,42,5.13,3.77,1970
605,2020,1992,28,4.93,4.54,1990
606,2020,1976,44,3.74,4.0,1970
607,2020,1979,41,4.73,4.5,1970
608,2020,1998,22,5.33,4.11,1990
609,2020,1982,38,5.46,5.33,1980
610,2020,1999,21,4.88,3.88,1990
611,2020,1982,38,5.4,3.79,1980
612,2020,1967,53,3.95,3.34,1960
613,2020,1973,47,6.31,5.7,1970
614,2020,1971,49,4.18,1.95,1970
615,2020,1971,49,3.78,3.53,1970
616,2020,1995,25,4.86,2.3,1990
617,2020,1986,34,4.42,2.17,1980
618,2020,1963,57,4.85,4.2,1960
619,2020,1963,57,5.35,5.43,1960
620,2020,1963,57,4.46,4.27,1960
621,2020,1995,25,5.14,3.39,1990
622,2020,1957,63,5.41,4.46,1950
623,2020,2002,18,4.77,4.18,2000
624,2020,1963,57,4.32,4.47,1960
625,2020,1985,35,4.09,4.9,1980
626,2020,1995,25,3.77,3.44,1990
627,2020,1970,50,5.91,5.73,1970
628,2020,1960,60,4.67,3.93,1960
629,2020,1963,57,4.83,4.29,1960
630,2020,1962,58,4.34,4.67,1960
631,2020,1958,62,6.0,5.71,1950
632,2020,1972,48,5.53,5.21,1970
633,2020,1984,36,6.0,3.89,1980
634,2020,1971,49,4.82,6.2,1970
635,2020,2002,18,5.86,5.3,2000
636,2020,1957,63,4.0,5.44,1950
637,2020,1969,51,4.26,4.75,1960
638,2020,1956,64,3.63,6.07,1950
639,2020,2002,18,5.59,3.09,2000
640,2020,1964,56,4.72,3.71,1960
641,2020,1969,51,5.64,4.76,1960
642,2020,1971,49,4.86,2.67,1970
643,2020,1973,47,5.89,5.64,1970
644,2020,1984,36,5.52,3.78,1980
645,2020,1961,59,4.22,4.4,1960
646,2020,1989,31,5.21,3.92,1980
647,2020,1958,62,4.12,2.26,1950
648,2020,1991,29,5.07,5.2,1990
649,2020,1983,37,3.14,1.45,1980
650,2020,2002,18,4.84,2.37,2000
651,2020,1978,42,5.1,4.59,1970
652,2020,1998,22,5.29,4.24,1990
653,2020,1990,30,3.57,2.11,1990
654,2020,1967,53,3.8,4.47,1960
655,2020,1983,37,4.7,4.27,1980
656,2020,2002,18,6.11,4.07,2000
657,2020,1994,26,5.24,2.92,1990
658,2020,1988,32,3.9,4.71,1980
659,2020,1991,29,3.98,4.58,1990
660,2020,1972,48,5.08,3.77,1970
661,2020,1959,61,5.11,3.93,1950
662,2020,1968,52,5.72,6.44,1960
663,2020,1979,41,4.74,3.2,1970
664,2020,1974,46,5.51,4.01,1970
665,2020,2002,18,5.02,5.13,2000
666,2020,1982,38,4.87,4.58,1980
667,2020,1959,61,4.69,3.76,1950
668,2020,1978,42,6.35,5.16,1970
669,2020,1971,49,3.92,3.8,1970
670,2020,1958,62,3.75,4.75,1950
671,2020,1973,47,4.31,5.6,1970
672,2020,1976,44,4.33,3.12,1970
673,2020,1998,22,5.32,1.94,1990
674,2020,1987,33,5.49,3.78,1980
675,2020,1987,33,5.05,4.24,1980
676,2020,1970,50,4.23,5.53,1970
677,2020,1957,63,4.78,5.97,1950
678,2020,1964,56,4.86,2.89,1960
679,2020,2002,18,5.34,2.95,2000
680,2020,1984,36,4.94,3.64,1980
681,2020,2002,18,5.8,4.93,2000
682,2020,1993,27,4.59,3.87,1990
683,2020,1970,50,5.28,3.29,1970
684,2020,1980,40,4.61,3.67,1980
685,2020,1974,46,5.25,5.44,1970
686,2020,2002,18,5.26,2.82,2000
687,2020,1970,50,5.11,5.18,1970
688,2020,1964,56,5.4,5.14,1960
689,2020,1972,48,5.43,4.53,1970
690,2020,1969,51,4.74,5.51,1960
691,2020,1955,65,5.47,5.07,1950
692,2020,1970,50,3.77,2.74,1970
693,2020,1955,65,5.35,6.44,1950
694,2020,1968,52,4.99,5.0,1960
695,2020,1983,37,5.07,4.12,1980
696,2020,2002,18,3.69,1.24,2000
697,2020,2002,18,5.11,4.84,2000
698,2020,1970,50,5.56,4.59,1970
699,2020,1989,31,5.07,5.34,1980
700,2020,1971,49,4.81,4.23,1970
701,2020,1994,26,5.11,4.32,1990
702,2020,1997,23,5.7,3.9,1990
703,2020,1979,41,5.3,3.52,1970
704,2020,1980,40,5.69,5.95,1980
705,2020,1956,64,5.49,3.38,1950
706,2020,1976,44,6.11,4.23,1970
707,2020,2002,18,4.86,2.51,2000
708,2020,1967,53,4.98,3.87,1960
709,2020,1970,50,4.18,2.56,1970
710,2020,1998,22,4.74,3.9,1990
711,2020,2002,18,5.16,4.18,2000
712,2020,1972,48,5.27,4.9,1970
713,2020,1972,48,5.14,3.69,1970
714,2020,1977,43,3.2,2.54,1970
715,2020,1992,28,5.76,3.39,1990
716,2020,1969,51,3.7,3.44,1960
717,2020,1984,36,4.79,4.56,1980
718,2020,1997,23,4.91,2.69,1990
719,2020,2000,20,5.14,4.06,2000
720,2020,1997,23,5.48,3.67,1990
721,2020,1999,21,6.32,4.56,1990
722,2020,1977,43,4.29,4.78,1970
723,2020,1960,60,5.16,4.65,1960
724,2020,1988,32,5.4,4.78,1980
725,2020,1988,32,5.11,3.71,1980
726,2020,1961,59,4.69,3.81,1960
727,2020,1965,55,4.82,4.13,1960
728,2020,1958,62,5.34,6.07,1950
729,2020,1986,34,4.38,4.36,1980
730,2020,1958,62,3.7,2.15,1950
731,2020,1985,35,3.86,4.2,1980
732,2020,1978,42,4.69,4.18,1970
733,2020,1984,36,5.74,5.13,1980
734,2020,1996,24,4.96,4.9,1990
735,2020,1983,37,5.29,4.84,1980
736,2020,1998,22,5.82,3.74,1990
737,2020,1981,39,5.12,4.38,1980
738,2020,1995,25,6.23,3.13,1990
739,2020,1965,55,4.33,4.89,1960
740,2020,1957,63,5.2,4.7,1950
741,2020,1975,45,4.39,3.91,1970
742,2020,1999,21,6.68,4.93,1990
743,2020,2000,20,5.12,4.44,2000
744,2020,1981,39,6.76,6.37,1980
745,2020,1971,49,4.63,2.77,1970
746,2020,1968,52,5.05,4.31,1960
747,2020,1983,37,6.02,4.53,1980
748,2020,1978,42,4.91,3.66,1970
749,2020,1989,31,6.18,4.68,1980
750,2020,1978,42,5.0,4.18,1970
751,2020,1985,35,5.4,3.88,1980
752,2020,1985,35,5.47,4.51,1980
753,2020,1993,27,5.36,3.71,1990
754,2020,1994,26,4.65,2.64,1990
755,2020,1958,62,5.24,5.11,1950
756,2020,1981,39,4.77,4.48,1980
757,2020,1998,22,5.27,5.29,1990
758,2020,2001,19,5.65,3.82,2000
759,2020,1963,57,4.45,4.43,1960
760,2020,1962,58,4.28,3.87,1960
761,2020,1965,55,4.37,4.44,1960
762,2020,1968,52,5.93,4.22,1960
763,2020,1971,49,4.62,4.66,1970
764,2020,1985,35,4.48,4.3,1980
765,2020,1961,59,5.78,4.37,1960
766,2020,2002,18,5.56,4.64,2000
767,2020,1966,54,5.63,3.19,1960
768,2020,1964,56,4.69,4.1,1960
769,2020,2002,18,4.49,4.5,2000
770,2020,1969,51,4.47,4.98,1960
771,2020,1987,33,6.49,4.08,1980
772,2020,1962,58,4.4,3.85,1960
773,2020,1955,65,4.9,6.04,1950
774,2020,1955,65,4.78,3.88,1950
775,2020,2002,18,4.89,3.17,2000
776,2020,1963,57,3.88,4.2,1960
777,2020,1961,59,4.43,4.46,1960
778,2020,1978,42,6.16,4.17,1970
779,2020,1991,29,5.72,3.29,1990
780,2020,1975,45,4.51,3.77,1970
781,2020,1976,44,5.45,3.75,1970
782,2020,1975,45,5.1,4.96,1970
783,2020,1962,58,3.96,4.91,1960
784,2020,1984,36,5.85,6.88,1980
785,2020,1980,40,4.51,4.33,1980
786,2020,1992,28,4.84,2.21,1990
787,2020,1959,61,4.04,4.15,1950
788,2020,1972,48,5.14,4.4,1970
789,2020,1965,55,3.76,2.72,1960
790,2020,1967,53,4.8,4.66,1960
791,2020,1970,50,5.09,5.14,1970
792,2020,1961,59,3.43,3.27,1960
793,2020,1980,40,5.09,4.58,1980
794,2020,1991,29,5.69,6.32,1990
795,2020,1995,25,4.25,3.44,1990
796,2020,1977,43,4.25,3.7,1970
797,2020,1978,42,5.36,3.23,1970
798,2020,1979,41,4.66,4.19,1970
799,2020,1982,38,4.92,4.29,1980
800,2020,1957,63,4.94,6.26,1950
801,2020,2002,18,5.5,3.95,2000
802,2020,1987,33,4.94,4.04,1980
803,2020,1997,23,5.37,5.36,1990
804,2020,1956,64,4.57,3.83,1950
805,2020,1959,61,4.63,4.74,1950
806,2020,1965,55,6.23,2.95,1960
807,2020,1993,27,5.17,3.8,1990
808,2020,1960,60,6.19,4.88,1960
809,2020,1977,43,5.06,2.76,1970
810,2020,1994,26,4.34,2.79,1990
811,2020,1987,33,5.31,2.43,1980
812,2020,1981,39,4.65,3.94,1980
813,2020,1997,23,4.85,3.89,1990
814,2020,1980,40,5.1,4.3,1980
815,2020,1962,58,5.1,4.33,1960
816,2020,1983,37,5.63,3.51,1980
817,2020,1978,42,4.84,3.94,1970
818,2020,2002,18,5.25,4.51,2000
819,2020,1968,52,4.98,5.25,1960
820,2020,1986,34,6.09,5.22,1980
821,2020,1979,41,4.29,2.77,1970
822,2020,1957,63,4.38,4.37,1950
823,2020,1958,62,6.26,3.56,1950
824,2020,1957,63,5.39,5.24,1950
825,2020,1993,27,4.37,3.29,1990
826,2020,1974,46,3.92,3.06,1970
827,2020,2002,18,5.44,4.61,2000
828,2020,1978,42,5.14,3.06,1970
829,2020,1955,65,5.0,4.17,1950
830,2020,1981,39,4.4,4.05,1980
831,2020,1969,51,6.28,6.35,1960
832,2020,1963,57,4.05,2.58,1960
833,2020,1996,24,4.68,2.43,1990
834,2020,1955,65,5.08,4.19,1950
835,2020,1973,47,5.87,4.66,1970
836,2020,1997,23,5.22,6.39,1990
837,2020,1964,56,5.32,3.98,1960
838,2020,1970,50,4.77,1.98,1970
839,2020,1972,48,4.96,5.41,1970
840,2020,1960,60,5.89,5.33,1960
841,2020,1955,65,5.19,3.03,1950
842,2020,1972,48,4.57,4.07,1970
843,2020,1980,40,5.12,5.24,1980
844,2020,1982,38,4.94,4.35,1980
845,2020,1962,58,4.71,5.7,1960
846,2020,1998,22,5.97,5.79,1990
847,2020,1962,58,5.28,5.35,1960
848,2020,1985,35,4.8,4.29,1980
849,2020,1959,61,6.15,4.97,1950
850,2020,1974,46,4.47,4.5,1970
851,2020,1994,26,5.05,4.74,1990
852,2020,1990,30,5.84,5.66,1990
853,2020,2001,19,5.75,5.02,2000
854,2020,1986,34,4.39,6.14,1980
855,2020,1968,52,4.87,6.31,1960
856,2020,1976,44,5.24,4.29,1970
857,2020,2002,18,4.88,4.77,2000
858,2020,1957,63,5.04,2.59,1950
859,2020,1978,42,5.64,4.09,1970
860,2020,1973,47,4.72,5.54,1970
861,2020,1995,25,5.57,4.43,1990
862,2020,1962,58,4.37,4.21,1960
863,2020,2002,18,5.71,2.98,2000
864,2020,1987,33,5.32,4.09,1980
865,2020,1960,60,5.66,5.56,1960
866,2020,1996,24,5.46,4.17,1990
867,2020,2002,18,5.2,4.06,2000
868,2020,1964,56,4.55,3.57,1960
869,2020,1965,55,4.56,3.64,1960
870,2020,1971,49,5.49,4.84,1970
871,2020,1960,60,4.87,2.89,1960
872,2020,1982,38,5.43,5.16,1980
873,2020,1977,43,5.09,3.99,1970
874,2020,1987,33,5.47,4.75,1980
875,2020,1981,39,4.49,3.08,1980
876,2020,1996,24,4.55,2.31,1990
877,2020,1984,36,6.06,3.6,1980
878,2020,1980,40,5.24,3.99,1980
879,2020,2002,18,4.86,2.78,2000
880,2020,1970,50,5.16,4.95,1970
881,2020,1967,53,4.09,4.66,1960
882,2020,1977,43,5.05,3.75,1970
883,2020,2001,19,4.67,4.07,2000
884,2020,1999,21,5.52,3.41,1990
885,2020,1985,35,6.72,5.16,1980
886,2020,1958,62,5.02,4.92,1950
887,2020,1998,22,4.7,4.07,1990
888,2020,1997,23,4.13,4.24,1990
889,2020,1955,65,4.38,3.27,1950
890,2020,1977,43,4.07,3.88,1970
891,2020,1962,58,5.16,5.5,1960
892,2020,1963,57,5.86,3.93,1960
893,2020,1995,25,5.32,2.86,1990
894,2020,1955,65,5.18,4.16,1950
895,2020,1964,56,4.4,3.89,1960
896,2020,2002,18,6.44,3.47,2000
897,2020,1995,25,6.46,3.87,1990
898,2020,1996,24,5.23,4.35,1990
899,2020,1956,64,6.4,5.47,1950
900,2020,1957,63,4.94,2.91,1950
901,2020,1971,49,5.2,3.04,1970
902,2020,1978,42,5.9,3.49,1970
903,2020,1962,58,4.42,4.92,1960
904,2020,2000,20,5.46,4.14,2000
905,2020,1974,46,5.7,4.71,1970
906,2020,2002,18,6.12,4.36,2000
907,2020,1965,55,4.5,4.94,1960
908,2020,1960,60,4.61,3.06,1960
909,2020,1955,65,3.77,4.84,1950
910,2020,1995,25,6.43,3.41,1990
911,2020,1968,52,4.62,5.23,1960
912,2020,1996,24,4.52,3.02,1990
913,2020,1984,36,5.75,5.25,1980
914,2020,1973,47,5.35,5.15,1970
915,2020,1996,24,6.53,5.26,1990
916,2020,1981,39,3.83,3.13,1980
917,2020,2002,18,4.71,4.12,2000
918,2020,1971,49,4.58,3.41,1970
919,2020,1985,35,4.3,4.98,1980
920,2020,1998,22,5.42,3.32,1990
921,2020,1995,25,5.08,6.59,1990
922,2020,1978,42,4.37,4.64,1970
923,2020,1961,59,5.71,3.35,1960
924,2020,1963,57,5.36,4.14,1960
925,2020,1962,58,5.0,3.22,1960
926,2020,1980,40,4.71,5.36,1980
927,2020,1980,40,3.73,3.62,1980
928,2020,1956,64,4.46,5.04,1950
929,2020,1971,49,5.8,4.61,1970
930,2020,1957,63,4.46,3.56,1950
931,2020,1964,56,4.65,4.56,1960
932,2020,1987,33,5.0,5.02,1980
933,2020,1968,52,5.77,3.87,1960
934,2020,1962,58,6.01,5.5,1960
935,2020,2001,19,5.15,5.17,2000
936,2020,1990,30,4.88,3.88,1990
937,2020,2000,20,6.02,3.23,2000
938,2020,1969,51,4.52,5.05,1960
939,2020,1981,39,4.99,4.97,1980
940,2020,1959,61,4.42,4.06,1950
941,2020,1997,23,5.58,2.84,1990
942,2020,1985,35,5.67,4.9,1980
943,2020,1968,52,5.07,2.37,1960
944,2020,1978,42,4.73,3.32,1970
945,2020,1977,43,4.7,4.93,1970
946,2020,1999,21,4.59,4.52,1990
947,2020,1965,55,4.49,4.5,1960
948,2020,1958,62,4.62,3.15,1950
949,2020,2002,18,5.26,2.94,2000
950,2020,1998,22,4.13,4.29,1990
951,2020,1982,38,5.21,3.19,1980
952,2020,1959,61,4.89,4.61,1950
953,2020,2002,18,4.22,4.13,2000
954,2020,1965,55,4.55,2.71,1960
955,2020,1979,41,4.31,4.2,1970
956,2020,1979,41,5.33,3.12,1970
957,2020,1958,62,4.12,3.76,1950
958,2020,1968,52,4.18,4.43,1960
959,2020,1986,34,5.7,3.51,1980
960,2020,1985,35,4.96,4.46,1980
961,2020,1985,35,4.85,4.86,1980
962,2020,1993,27,5.56,3.34,1990
963,2020,1988,32,5.35,2.73,1980
964,2020,1987,33,4.77,4.35,1980
965,2020,1999,21,5.65,3.3,1990
966,2020,1973,47,4.84,3.48,1970
967,2020,1957,63,4.57,5.05,1950
968,2020,1976,44,4.89,3.78,1970
969,2020,1976,44,4.54,3.1,1970
970,2020,1976,44,6.34,3.85,1970
971,2020,1980,40,4.41,3.47,1980
972,2020,2000,20,5.42,6.0,2000
973,2020,1962,58,6.06,5.4,1960
974,2020,1964,56,4.52,4.15,1960
975,2020,1980,40,5.86,3.18,1980
976,2020,1956,64,6.03,5.0,1950
977,2020,1971,49,4.42,3.38,1970
978,2020,1993,27,4.59,3.83,1990
979,2020,1999,21,4.86,2.36,1990
980,2020,1964,56,4.64,4.34,1960
981,2020,1955,65,4.36,5.11,1950
982,2020,1970,50,5.06,4.46,1970
983,2020,1995,25,5.27,4.52,1990
984,2020,1974,46,4.65,3.65,1970
985,2020,1974,46,5.59,5.12,1970
986,2020,1963,57,4.24,1.74,1960
987,2020,1988,32,5.17,3.06,1980
988,2020,1965,55,4.58,4.72,1960
989,2020,2002,18,5.99,4.77,2000
990,2020,1982,38,6.01,4.3,1980
991,2020,1966,54,5.33,2.82,1960
992,2020,1987,33,5.37,5.02,1980
993,2020,1962,58,4.08,4.66,1960
994,2020,1983,37,3.76,4.55,1980
995,2020,1995,25,5.73,5.16,1990
996,2020,1989,31,5.64,3.8,1980
997,2020,1988,32,5.8,3.94,1980
998,2020,1978,42,4.58,4.57,1970
999,2020,1959,61,4.04,5.7,1950
1000,2020,1972,48,5.23,5.19,1970
1001,2020,1995,25,4.28,3.36,1990
1002,2020,1991,29,6.42,2.71,1990
1003,2020,1999,21,5.82,3.66,1990
1004,2020,1979,41,4.98,4.04,1970
1005,2020,1971,49,5.19,5.82,1970
1006,2020,1976,44,5.08,3.86,1970
1007,2020,1994,26,4.35,2.05,1990
1008,2020,1983,37,6.17,5.65,1980
1009,2020,1980,40,4.69,4.99,1980
1010,2020,1981,39,6.05,5.54,1980
1011,2020,1959,61,4.3,5.72,1950
1012,2020,1968,52,5.81,4.55,1960
1013,2020,1963,57,5.49,4.29,1960
1014,2020,1963,57,4.43,2.85,1960
1015,2020,1957,63,5.45,4.61,1950
1016,2020,1982,38,4.98,4.23,1980
1017,2020,1987,33,5.04,3.52,1980
1018,2020,1984,36,5.25,3.86,1980
1019,2020,1963,57,5.07,4.42,1960
1020,2020,1985,35,4.51,4.35,1980
1021,2020,1969,51,4.12,5.57,1960
1022,2020,1963,57,5.33,4.5,1960
1023,2020,1993,27,5.46,5.67,1990
1024,2020,2000,20,4.55,3.46,2000
1025,2020,2001,19,4.55,1.47,2000
1026,2020,2002,18,5.05,4.62,2000
1027,2020,2002,18,5.83,4.39,2000
1028,2020,1956,64,4.64,3.54,1950
1029,2020,1982,38,4.17,4.5,1980
1030,2020,1970,50,4.16,5.36,1970
1031,2020,1969,51,5.74,5.32,1960
1032,2020,1987,33,4.78,3.36,1980
1033,2020,1995,25,4.83,3.89,1990
1034,2020,1975,45,6.05,4.02,1970
1035,2020,2002,18,5.27,2.77,2000
1036,2020,1958,62,5.84,4.85,1950
1037,2020,1993,27,4.32,4.02,1990
1038,2020,1992,28,4.41,4.37,1990
1039,2020,1968,52,5.11,4.35,1960
1040,2020,1968,52,5.52,6.4,1960
1041,2020,2002,18,6.31,4.71,2000
1042,2020,1996,24,4.66,3.85,1990
1043,2020,1976,44,4.31,2.57,1970
1044,2020,1999,21,5.37,4.39,1990
1045,2020,1997,23,3.55,3.51,1990
1046,2020,1991,29,4.57,2.98,1990
1047,2020,1961,59,4.69,4.88,1960
1048,2020,1994,26,3.49,3.76,1990
1049,2020,1958,62,4.66,3.76,1950
1050,2020,1960,60,5.71,6.33,1960
1051,2020,1993,27,4.15,3.69,1990
1052,2020,1963,57,4.73,4.83,1960
1053,2020,1961,59,5.3,4.07,1960
1054,2020,2002,18,5.28,4.23,2000
1055,2020,1980,40,4.71,4.64,1980
1056,2020,2000,20,4.97,4.68,2000
1057,2020,1982,38,4.35,3.01,1980
1058,2020,1982,38,4.78,3.52,1980
1059,2020,1976,44,4.7,4.51,1970
1060,2020,1974,46,5.66,3.83,1970
1061,2020,1982,38,5.02,4.78,1980
1062,2020,1959,61,4.13,2.45,1950
1063,2020,1992,28,5.35,5.44,1990
1064,2020,1987,33,5.64,4.35,1980
1065,2020,2002,18,6.36,4.05,2000
1066,2020,1962,58,4.49,3.46,1960
1067,2020,1993,27,5.85,3.74,1990
1068,2020,1997,23,5.01,3.71,1990
1069,2020,1984,36,4.7,2.06,1980
1070,2020,1999,21,5.18,3.8,1990
1071,2020,1979,41,4.34,4.17,1970
1072,2020,1976,44,4.38,5.14,1970
1073,2020,1983,37,5.2,3.49,1980
1074,2020,1982,38,5.08,4.46,1980
1075,2020,1975,45,4.95,3.2,1970
1076,2020,1966,54,4.94,4.46,1960
1077,2020,1963,57,4.17,4.33,1960
1078,2020,1969,51,4.12,3.49,1960
1079,2020,1980,40,5.45,6.19,1980
1080,2020,2002,18,5.4,5.55,2000
1081,2020,1987,33,4.32,5.57,1980
1082,2020,1979,41,5.37,5.31,1970
1083,2020,1972,48,4.42,3.62,1970
1084,2020,1997,23,4.61,4.54,1990
1085,2020,1994,26,5.1,3.01,1990
1086,2020,1994,26,5.69,4.17,1990
1087,2020,2000,20,5.11,4.12,2000
1088,2020,1994,26,5.25,3.3,1990
1089,2020,1980,40,5.87,4.18,1980
1090,2020,2002,18,3.97,2.89,2000
1091,2020,1989,31,5.28,2.89,1980
1092,2020,1955,65,4.88,3.85,1950
1093,2020,1998,22,5.97,4.32,1990
1094,2020,1965,55,5.51,5.73,1960
1095,2020,1960,60,5.44,5.5,1960
1096,2020,1962,58,5.87,3.84,1960
1097,2020,2002,18,4.57,2.93,2000
1098,2020,1969,51,5.53,5.12,1960
1099,2020,2002,18,5.73,4.58,2000
1100,2020,1992,28,5.26,3.49,1990
1101,2020,1988,32,6.04,3.72,1980
1102,2020,1997,23,6.41,2.58,1990
1103,2020,2002,18,5.21,4.11,2000
1104,2020,1965,55,4.36,3.59,1960
1105,2020,1988,32,5.25,4.65,1980
1106,2020,1957,63,4.76,3.92,1950
1107,2020,1981,39,5.51,3.02,1980
1108,2020,1975,45,5.54,5.65,1970
1109,2020,1955,65,3.55,4.18,1950
1110,2020,1959,61,5.24,2.76,1950
1111,2020,1984,36,4.67,4.49,1980
1112,2020,1957,63,5.26,4.63,1950
1113,2020,1999,21,6.04,2.85,1990
1114,2020,1976,44,5.62,6.27,1970
1115,2020,1975,45,4.46,3.84,1970
1116,2020,1972,48,4.4,4.71,1970
1117,2020,1978,42,6.31,5.89,1970
1118,2020,2002,18,4.35,2.45,2000
1119,2020,1992,28,4.81,4.53,1990
1120,2020,1983,37,4.06,3.58,1980
1121,2020,1982,38,5.95,5.26,1980
1122,2020,1963,57,4.97,3.59,1960
1123,2020,1985,35,5.29,4.94,1980
1124,2020,1989,31,3.32,3.18,1980
1125,2020,1993,27,5.21,4.58,1990
1126,2020,1974,46,6.81,5.07,1970
1127,2020,1999,21,5.23,4.86,1990
1128,2020,1992,28,5.09,5.5,1990
1129,2020,1977,43,6.01,3.98,1970
1130,2020,1984,36,4.27,3.29,1980
1131,2020,1997,23,5.39,3.34,1990
1132,2020,1992,28,4.39,3.71,1990
1133,2020,1965,55,4.69,3.88,1960
1134,2020,1958,62,5.22,5.46,1950
1135,2020,1996,24,5.16,4.6,1990
1136,2020,1973,47,3.32,3.0,1970
1137,2020,1977,43,4.41,4.86,1970
1138,2020,1960,60,5.87,5.43,1960
1139,2020,1980,40,4.37,3.67,1980
1140,2020,1957,63,4.98,5.56,1950
1141,2020,1958,62,5.82,5.68,1950
1142,2020,1956,64,3.83,4.98,1950
1143,2020,2002,18,5.43,5.37,2000
1144,2020,1970,50,4.0,2.85,1970
1145,2020,1968,52,4.78,4.45,1960
1146,2020,1983,37,4.87,4.63,1980
1147,2020,2002,18,5.96,4.77,2000
1148,2020,1969,51,4.76,4.17,1960
1149,2020,1980,40,3.53,2.77,1980
1150,2020,2002,18,3.76,3.65,2000
1151,2020,1976,44,3.92,4.22,1970
1152,2020,1970,50,4.82,3.14,1970
1153,2020,1982,38,5.34,5.76,1980
1154,2020,2002,18,4.0,4.66,2000
1155,2020,1993,27,5.04,2.24,1990
1156,2020,1981,39,4.95,4.41,1980
1157,2020,1989,31,5.75,5.1,1980
1158,2020,1999,21,4.99,3.75,1990
1159,2020,1994,26,5.37,3.76,1990
1160,2020,1974,46,5.04,4.35,1970
1161,2020,1981,39,5.2,4.02,1980
1162,2020,1974,46,5.92,3.81,1970
1163,2020,1991,29,3.93,2.82,1990
1164,2020,1975,45,4.36,5.21,1970
1165,2020,1961,59,4.47,6.26,1960
1166,2020,1988,32,5.37,5.16,1980
1167,2020,1974,46,3.65,4.66,1970
1168,2020,2002,18,5.48,4.83,2000
1169,2020,1971,49,5.12,3.64,1970
1170,2020,1978,42,5.42,3.77,1970
1171,2020,1970,50,5.0,5.44,1970
1172,2020,1972,48,4.14,4.17,1970
1173,2020,1988,32,4.2,4.1,1980
1174,2020,1971,49,5.45,4.7,1970
1175,2020,1983,37,5.91,3.19,1980
1176,2020,1959,61,3.54,3.57,1950
1177,2020,1995,25,5.9,3.99,1990
1178,2020,1966,54,4.37,3.33,1960
1179,2020,1979,41,4.25,3.51,1970
1180,2020,2000,20,5.0,4.72,2000
1181,2020,1987,33,4.47,4.49,1980
1182,2020,1979,41,4.53,3.53,1970
1183,2020,1985,35,4.8,3.07,1980
1184,2020,1962,58,4.94,3.67,1960
1185,2020,2002,18,5.34,4.18,2000
1186,2020,2002,18,5.42,3.55,2000
1187,2020,1994,26,5.55,3.8,1990
1188,2020,1965,55,4.66,5.71,1960
1189,2020,1973,47,6.06,3.8,1970
1190,2020,1966,54,5.25,3.12,1960
1191,2020,2001,19,6.27,5.36,2000
1192,2020,1978,42,5.0,5.12,1970
1193,2020,1992,28,4.44,5.17,1990
1194,2020,1991,29,4.76,3.12,1990
1195,2020,2002,18,4.9,3.77,2000
1196,2020,1962,58,4.13,2.55,1960
1197,2020,1987,33,4.35,5.15,1980
1198,2020,1970,50,6.51,4.12,1970
1199,2020,1964,56,4.97,5.54,1960
1200,2020,2001,19,5.25,3.58,2000
1201,2025,1963,62,3.76,3.32,1960
1202,2025,1969,56,4.92,3.48,1960
1203,2025,1960,65,3.94,3.73,1960
1204,2025,2002,23,4.72,4.73,2000
1205,2025,1970,55,4.2,2.28,1970
1206,2025,1993,32,5.72,4.1,1990
1207,2025,1966,59,4.5,4.03,1960
1208,2025,1979,46,4.82,5.1,1970
1209,2025,1993,32,6.01,5.5,1990
1210,2025,1999,26,6.59,3.61,1990
1211,2025,1983,42,5.03,6.45,1980
1212,2025,1976,49,3.66,3.62,1970
1213,2025,1971,54,3.79,4.08,1970
1214,2025,1983,42,5.26,5.75,1980
1215,2025,1960,65,4.98,6.24,1960
1216,2025,1986,39,4.73,4.43,1980
1217,2025,1967,58,5.7,6.17,1960
1218,2025,1997,28,5.44,3.5,1990
1219,2025,1963,62,3.89,5.1,1960
1220,2025,1983,42,5.16,4.98,1980
1221,2025,1961,64,5.29,4.81,1960
1222,2025,1964,61,4.54,5.49,1960
1223,2025,2004,21,5.36,4.85,2000
1224,2025,1980,45,6.95,6.8,1980
1225,2025,1990,35,4.57,4.52,1990
1226,2025,1971,54,4.98,4.58,1970
1227,2025,1962,63,4.97,5.18,1960
1228,2025,1955,70,4.81,4.22,1950
1229,2025,1970,55,5.71,4.67,1970
1230,2025,1961,64,3.87,5.09,1960
1231,2025,2002,23,5.2,4.36,2000
1232,2025,1992,33,3.38,4.13,1990
1233,2025,1963,62,5.24,5.6,1960
1234,2025,2004,21,5.9,3.86,2000
1235,2025,1997,28,4.86,3.37,1990
1236,2025,1963,62,5.39,6.14,1960
1237,2025,1975,50,5.51,2.97,1970
1238,2025,1956,69,3.81,3.25,1950
1239,2025,1998,27,5.12,6.7,1990
1240,2025,1984,41,4.67,4.88,1980
1241,2025,1983,42,3.63,4.63,1980
1242,2025,1996,29,4.53,4.54,1990
1243,2025,1958,67,4.61,4.11,1950
1244,2025,1984,41,4.95,2.24,1980
1245,2025,1969,56,5.23,7.0,1960
1246,2025,1979,46,5.82,3.03,1970
1247,2025,1971,54,5.77,4.23,1970
1248,2025,1961,64,6.0,5.11,1960
1249,2025,1974,51,4.86,4.32,1970
1250,2025,1989,36,5.37,4.43,1980
1251,2025,1997,28,5.67,3.19,1990
1252,2025,1979,46,4.11,3.54,1970
1253,2025,1991,34,5.09,5.42,1990
1254,2025,2003,22,6.04,5.78,2000
1255,2025,1966,59,5.22,5.53,1960
1256,2025,1978,47,5.41,4.98,1970
1257,2025,1976,49,4.76,5.18,1970
1258,2025,1959,66,4.94,4.61,1950
1259,2025,1995,30,3.62,3.5,1990
1260,2025,1959,66,5.36,4.84,1950
1261,2025,1997,28,4.77,4.61,1990
1262,2025,1986,39,5.25,3.62,1980
1263,2025,1973,52,4.21,3.44,1970
1264,2025,1970,55,5.69,6.04,1970
1265,2025,1979,46,5.02,5.38,1970
1266,2025,1956,69,3.79,4.35,1950
1267,2025,1964,61,5.76,5.75,1960
1268,2025,1992,33,4.41,3.16,1990
1269,2025,1955,70,4.23,2.99,1950
1270,2025,1955,70,5.03,5.79,1950
1271,2025,2004,21,4.64,3.82,2000
1272,2025,1981,44,6.17,4.67,1980
1273,2025,1970,55,4.32,3.84,1970
1274,2025,1993,32,4.57,5.38,1990
1275,2025,1995,30,4.61,3.74,1990
1276,2025,1976,49,4.26,6.19,1970
1277,2025,2000,25,6.59,3.39,2000
1278,2025,1971,54,4.93,4.04,1970
1279,2025,1964,61,4.27,3.91,1960
1280,2025,1998,27,4.41,4.19,1990
1281,2025,1999,26,6.69,5.28,1990
1282,2025,1973,52,5.66,4.84,1970
1283,2025,1962,63,4.84,5.31,1960
1284,2025,1991,34,5.25,5.76,1990
1285,2025,1966,59,4.69,5.53,1960
1286,2025,1973,52,5.3,7.0,1970
1287,2025,1962,63,3.86,3.63,1960
1288,2025,1980,45,4.29,4.52,1980
1289,2025,2004,21,5.58,5.19,2000
1290,2025,1979,46,4.71,3.95,1970
1291,2025,1995,30,5.52,3.24,1990
1292,2025,1999,26,4.35,3.93,1990
1293,2025,1965,60,5.9,5.5,1960
1294,2025,1958,67,3.77,3.87,1950
1295,2025,1980,45,4.63,3.08,1980
1296,2025,1961,64,4.25,3.18,1960
1297,2025,1973,52,4.15,5.12,1970
1298,2025,1983,42,5.93,5.02,1980
1299,2025,1991,34,5.44,4.49,1990
1300,2025,1987,38,5.26,3.66,1980
1301,2025,1965,60,4.49,3.97,1960
1302,2025,1975,50,4.61,3.14,1970
1303,2025,1999,26,6.11,1.77,1990
1304,2025,2002,23,4.56,1.71,2000
1305,2025,1984,41,4.71,5.73,1980
1306,2025,1958,67,3.95,3.47,1950
1307,2025,1980,45,5.73,5.42,1980
1308,2025,1968,57,5.63,4.46,1960
1309,2025,2003,22,5.95,3.5,2000
1310,2025,1989,36,4.58,4.92,1980
1311,2025,1993,32,4.66,5.05,1990
1312,2025,1980,45,4.56,3.97,1980
1313,2025,1962,63,4.4,4.63,1960
1314,2025,1999,26,4.44,2.83,1990
1315,2025,1957,68,3.41,5.71,1950
1316,2025,1972,53,4.67,3.84,1970
1317,2025,1980,45,4.68,4.32,1980
1318,2025,1979,46,4.77,4.5,1970
1319,2025,1965,60,5.82,5.65,1960
1320,2025,1960,65,4.72,5.53,1960
1321,2025,1988,37,5.51,5.79,1980
1322,2025,2001,24,6.12,3.82,2000
1323,2025,1966,59,5.9,4.88,1960
1324,2025,2005,20,4.42,3.45,2000
1325,2025,2000,25,3.66,3.82,2000
1326,2025,1955,70,5.14,6.02,1950
1327,2025,1973,52,4.91,2.73,1970
1328,2025,1969,56,5.95,3.69,1960
1329,2025,1965,60,6.0,6.03,1960
1330,2025,1960,65,4.26,4.95,1960
1331,2025,1957,68,4.7,5.15,1950
1332,2025,1982,43,4.23,4.92,1980
1333,2025,1956,69,4.03,3.54,1950
1334,2025,2005,20,6.87,5.48,2000
1335,2025,1962,63,5.06,4.62,1960
1336,2025,1963,62,4.6,4.69,1960
1337,2025,1988,37,3.81,3.56,1980
1338,2025,2001,24,6.16,4.49,2000
1339,2025,1956,69,4.82,4.38,1950
1340,2025,1957,68,5.49,6.74,1950
1341,2025,1990,35,5.88,3.73,1990
1342,2025,1957,68,4.33,4.12,1950
1343,2025,1997,28,5.65,5.92,1990
1344,2025,1995,30,4.81,3.63,1990
1345,2025,1991,34,4.37,4.73,1990
1346,2025,1961,64,4.84,3.5,1960
1347,2025,1971,54,5.71,4.47,1970
1348,2025,1995,30,5.66,3.9,1990
1349,2025,1999,26,5.11,3.94,1990
1350,2025,2001,24,6.83,4.06,2000
1351,2025,1968,57,5.63,4.23,1960
1352,2025,1984,41,4.6,4.12,1980
1353,2025,1975,50,4.64,3.03,1970
1354,2025,1964,61,4.91,2.85,1960
1355,2025,1979,46,4.51,3.77,1970
1356,2025,1978,47,4.68,3.85,1970
1357,2025,1988,37,5.01,5.68,1980
1358,2025,2002,23,6.24,5.89,2000
1359,2025,1965,60,5.01,5.03,1960
1360,2025,1977,48,5.57,4.73,1970
1361,2025,1982,43,5.53,5.71,1980
1362,2025,1982,43,5.09,3.63,1980
1363,2025,1976,49,5.71,4.02,1970
1364,2025,1985,40,5.29,5.9,1980
1365,2025,2002,23,5.22,4.93,2000
1366,2025,1979,46,4.81,5.45,1970
1367,2025,1999,26,4.31,4.0,1990
1368,2025,1968,57,6.25,3.13,1960
1369,2025,1987,38,4.29,2.93,1980
1370,2025,1971,54,5.05,4.51,1970
1371,2025,1998,27,4.71,4.51,1990
1372,2025,1957,68,5.24,6.36,1950
1373,2025,2004,21,4.43,3.57,2000
1374,2025,1974,51,5.12,6.52,1970
1375,2025,1970,55,5.07,3.67,1970
1376,2025,1968,57,6.04,6.61,1960
1377,2025,1984,41,5.48,6.05,1980
1378,2025,1995,30,5.26,3.73,1990
1379,2025,1963,62,3.99,3.16,1960
1380,2025,2005,20,6.49,5.38,2000
1381,2025,1965,60,4.69,5.37,1960
1382,2025,1997,28,4.63,3.53,1990
1383,2025,1972,53,4.95,4.38,1970
1384,2025,1978,47,5.09,5.12,1970
1385,2025,1993,32,5.93,4.62,1990
1386,2025,1978,47,4.94,4.61,1970
1387,2025,1997,28,5.97,4.86,1990
1388,2025,1990,35,5.36,3.75,1990
1389,2025,1966,59,5.5,5.43,1960
1390,2025,1967,58,4.3,4.15,1960
1391,2025,2001,24,5.57,4.56,2000
1392,2025,1977,48,5.13,4.93,1970
1393,2025,1974,51,4.28,4.89,1970
1394,2025,1964,61,3.3,4.2,1960
1395,2025,2000,25,6.66,4.85,2000
1396,2025,1989,36,5.66,5.41,1980
1397,2025,1981,44,5.72,4.11,1980
1398,2025,1970,55,5.63,4.71,1970
1399,2025,1973,52,5.03,4.18,1970
1400,2025,1973,52,5.59,3.21,1970
1401,2025,1988,37,4.09,2.89,1980
1402,2025,1965,60,6.34,5.13,1960
1403,2025,1957,68,4.19,3.79,1950
1404,2025,2004,21,4.7,3.21,2000
1405,2025,1977,48,4.4,4.93,1970
1406,2025,1995,30,5.22,5.12,1990
1407,2025,1979,46,4.43,5.21,1970
1408,2025,1967,58,5.71,5.36,1960
1409,2025,1976,49,4.27,4.53,1970
1410,2025,1963,62,5.16,6.28,1960
1411,2025,2004,21,4.35,4.52,2000
1412,2025,1977,48,4.61,5.12,1970
1413,2025,1971,54,4.09,5.52,1970
1414,2025,1986,39,4.18,3.87,1980
1415,2025,1984,41,5.27,3.35,1980
1416,2025,1980,45,5.23,5.46,1980
1417,2025,2002,23,5.51,4.66,2000
1418,2025,1999,26,5.06,4.19,1990
1419,2025,1972,53,6.17,4.43,1970
1420,2025,1962,63,4.76,4.48,1960
1421,2025,1962,63,4.82,5.39,1960
1422,2025,2004,21,5.8,5.72,2000
1423,2025,1985,40,4.97,4.06,1980
1424,2025,2005,20,6.14,5.91,2000
1425,2025,1986,39,4.86,6.28,1980
1426,2025,2005,20,6.11,5.98,2000
1427,2025,2001,24,6.02,5.1,2000
1428,2025,2004,21,5.32,4.91,2000
1429,2025,1956,69,5.48,7.0,1950
1430,2025,1964,61,4.92,4.11,1960
1431,2025,1981,44,5.14,4.56,1980
1432,2025,1983,42,5.26,3.35,1980
1433,2025,1959,66,4.27,4.68,1950
1434,2025,1970,55,5.2,4.61,1970
1435,2025,1996,29,5.54,4.41,1990
1436,2025,1967,58,5.37,6.02,1960
1437,2025,1978,47,5.22,4.61,1970
1438,2025,1963,62,4.33,5.26,1960
1439,2025,1980,45,3.91,3.3,1980
1440,2025,1966,59,5.44,4.32,1960
1441,2025,1973,52,6.36,5.34,1970
1442,2025,2000,25,5.22,4.19,2000
1443,2025,1992,33,6.68,5.59,1990
1444,2025,1984,41,5.42,6.83,1980
1445,2025,1984,41,4.13,3.57,1980
1446,2025,1958,67,4.78,5.07,1950
1447,2025,1980,45,5.93,6.32,1980
1448,2025,1970,55,4.84,5.53,1970
1449,2025,1996,29,5.08,4.82,1990
1450,2025,1997,28,4.45,3.38,1990
1451,2025,1994,31,5.46,5.27,1990
1452,2025,1993,32,5.63,4.31,1990
1453,2025,1961,64,4.68,4.11,1960
1454,2025,1982,43,4.97,5.13,1980
1455,2025,1971,54,4.8,2.97,1970
1456,2025,1997,28,5.49,4.52,1990
1457,2025,1956,69,4.58,4.83,1950
1458,2025,1997,28,4.19,4.8,1990
1459,2025,1966,59,3.85,3.93,1960
1460,2025,1997,28,5.01,3.78,1990
1461,2025,1961,64,4.24,3.91,1960
1462,2025,1958,67,3.68,2.78,1950
1463,2025,1992,33,5.66,5.16,1990
1464,2025,1979,46,5.01,4.25,1970
1465,2025,1966,59,5.46,6.23,1960
1466,2025,1960,65,5.15,4.04,1960
1467,2025,1959,66,4.06,5.12,1950
1468,2025,1957,68,4.48,4.59,1950
1469,2025,1997,28,4.55,4.04,1990
1470,2025,1967,58,4.42,5.8,1960
1471,2025,1982,43,5.33,5.84,1980
1472,2025,1956,69,3.58,4.87,1950
1473,2025,1955,70,3.59,4.13,1950
1474,2025,2001,24,6.65,2.45,2000
1475,2025,1995,30,5.1,4.86,1990
1476,2025,1993,32,5.99,4.11,1990
1477,2025,2000,25,5.28,3.21,2000
1478,2025,1964,61,6.0,5.71,1960
1479,2025,1955,70,5.5,4.34,1950
1480,2025,1966,59,4.51,5.13,1960
1481,2025,1975,50,5.11,5.1,1970
1482,2025,2001,24,4.21,2.27,2000
1483,2025,1986,39,4.58,4.55,1980
1484,2025,1971,54,5.17,6.38,1970
1485,2025,1974,51,5.14,3.3,1970
1486,2025,1990,35,4.98,5.36,1990
1487,2025,1969,56,5.25,4.79,1960
1488,2025,1956,69,3.27,4.74,1950
1489,2025,1985,40,4.8,5.43,1980
1490,2025,1966,59,4.32,4.04,1960
1491,2025,1973,52,5.15,4.3,1970
1492,2025,1967,58,4.74,4.91,1960
1493,2025,1965,60,5.56,6.79,1960
1494,2025,1957,68,4.81,5.35,1950
1495,2025,1992,33,5.13,4.95,1990
1496,2025,1980,45,3.55,4.32,1980
1497,2025,1966,59,5.0,3.52,1960
1498,2025,1999,26,5.95,5.48,1990
1499,2025,1982,43,5.2,3.22,1980
1500,2025,1961,64,4.4,3.01,1960
1501,2025,1956,69,6.43,5.79,1950
1502,2025,1991,34,5.87,4.62,1990
1503,2025,1967,58,4.25,4.45,1960
1504,2025,1957,68,5.33,6.47,1950
1505,2025,1961,64,4.8,3.4,1960
1506,2025,2002,23,5.06,4.91,2000
1507,2025,1957,68,5.92,4.66,1950
1508,2025,1961,64,5.03,3.98,1960
1509,2025,2005,20,5.83,6.59,2000
1510,2025,1978,47,5.62,4.51,1970
1511,2025,1965,60,4.34,3.29,1960
1512,2025,1976,49,5.84,4.94,1970
1513,2025,1977,48,5.19,5.45,1970
1514,2025,1973,52,5.27,4.67,1970
1515,2025,1968,57,4.07,4.05,1960
1516,2025,2000,25,6.4,5.48,2000
1517,2025,2002,23,5.61,4.07,2000
1518,2025,1975,50,5.09,5.25,1970
1519,2025,1960,65,4.48,5.58,1960
1520,2025,2001,24,4.04,3.55,2000
1521,2025,1993,32,6.16,5.05,1990
1522,2025,1980,45,5.92,3.93,1980
1523,2025,1997,28,6.31,4.89,1990
1524,2025,1988,37,4.85,4.93,1980
1525,2025,1994,31,3.57,3.75,1990
1526,2025,1982,43,4.49,4.45,1980
1527,2025,1965,60,3.73,4.67,1960
1528,2025,1986,39,4.87,4.08,1980
1529,2025,1989,36,4.31,2.28,1980
1530,2025,1959,66,5.03,5.7,1950
1531,2025,1955,70,3.77,2.85,1950
1532,2025,1971,54,4.77,3.74,1970
1533,2025,1996,29,4.81,2.39,1990
1534,2025,1976,49,5.54,4.33,1970
1535,2025,1976,49,4.47,5.42,1970
1536,2025,1956,69,5.82,5.58,1950
1537,2025,1956,69,4.66,5.47,1950
1538,2025,1979,46,5.63,6.19,1970
1539,2025,1974,51,4.96,5.56,1970
1540,2025,1993,32,4.6,4.87,1990
1541,2025,1991,34,4.71,2.77,1990
1542,2025,1963,62,3.72,6.04,1960
1543,2025,1975,50,4.83,4.28,1970
1544,2025,1996,29,5.22,3.33,1990
1545,2025,1980,45,4.64,3.66,1980
1546,2025,2001,24,5.04,4.85,2000
1547,2025,1995,30,5.93,4.09,1990
1548,2025,1993,32,3.75,5.37,1990
1549,2025,2004,21,4.31,3.74,2000
1550,2025,1994,31,5.32,4.32,1990
1551,2025,1988,37,3.39,3.67,1980
1552,2025,1960,65,4.6,4.08,1960
1553,2025,1995,30,5.95,5.62,1990
1554,2025,1962,63,4.78,5.54,1960
1555,2025,1979,46,6.27,4.24,1970
1556,2025,1993,32,4.93,5.02,1990
1557,2025,1998,27,5.42,5.51,1990
1558,2025,1955,70,4.97,3.98,1950
1559,2025,2005,20,4.54,5.25,2000
1560,2025,1991,34,5.11,4.2,1990
1561,2025,2005,20,4.61,4.93,2000
1562,2025,1997,28,4.76,4.44,1990
1563,2025,2005,20,7.0,4.76,2000
1564,2025,1981,44,4.63,6.62,1980
1565,2025,1967,58,4.59,5.06,1960
1566,2025,1990,35,5.07,5.17,1990
1567,2025,1957,68,6.53,4.68,1950
1568,2025,1976,49,4.92,7.0,1970
1569,2025,2002,23,4.87,2.79,2000
1570,2025,2003,22,4.08,3.48,2000
1571,2025,1975,50,3.72,4.76,1970
1572,2025,1970,55,5.28,6.39,1970
1573,2025,1997,28,5.54,2.94,1990
1574,2025,1987,38,5.75,6.13,1980
1575,2025,1967,58,4.87,5.12,1960
1576,2025,2005,20,5.19,3.85,2000
1577,2025,1998,27,5.68,4.93,1990
1578,2025,2000,25,3.78,5.76,2000
1579,2025,1975,50,4.85,4.85,1970
1580,2025,1988,37,4.94,5.17,1980
1581,2025,2001,24,5.1,4.61,2000
1582,2025,2001,24,5.45,4.02,2000
1583,2025,1966,59,5.15,4.45,1960
1584,2025,1970,55,4.49,4.16,1970
1585,2025,1972,53,4.86,4.1,1970
1586,2025,1964,61,4.77,4.24,1960
1587,2025,1975,50,5.45,5.29,1970
1588,2025,1975,50,4.88,4.42,1970
1589,2025,1994,31,4.56,2.92,1990
1590,2025,1957,68,4.53,4.34,1950
1591,2025,1978,47,5.1,5.19,1970
1592,2025,1982,43,5.03,5.62,1980
1593,2025,1978,47,5.72,5.05,1970
1594,2025,1972,53,4.67,5.07,1970
1595,2025,1975,50,3.15,4.74,1970
1596,2025,1971,54,6.02,6.61,1970
1597,2025,1986,39,4.72,3.44,1980
1598,2025,1994,31,5.99,5.01,1990
1599,2025,1971,54,5.42,5.1,1970
1600,2025,2002,23,4.75,3.21,2000
1601,2025,1970,55,6.11,4.39,1970
1602,2025,1957,68,5.91,6.31,1950
1603,2025,1960,65,4.97,5.39,1960
1604,2025,1968,57,5.28,5.26,1960
1605,2025,1974,51,5.7,5.07,1970
1606,2025,1961,64,5.42,5.07,1960
1607,2025,1988,37,6.95,4.91,1980
1608,2025,1972,53,4.3,7.0,1970
1609,2025,1962,63,6.83,3.9,1960
1610,2025,1972,53,5.34,5.32,1970
1611,2025,1976,49,6.73,4.75,1970
1612,2025,1984,41,3.74,4.09,1980
1613,2025,1994,31,4.69,4.4,1990
1614,2025,1982,43,5.38,4.18,1980
1615,2025,1995,30,5.87,4.02,1990
1616,2025,1978,47,5.34,5.43,1970
1617,2025,1998,27,4.58,4.83,1990
1618,2025,1994,31,4.37,1.95,1990
1619,2025,1997,28,4.25,4.33,1990
1620,2025,1979,46,4.77,4.02,1970
1621,2025,2001,24,5.4,3.93,2000
1622,2025,1955,70,4.0,3.16,1950
1623,2025,1994,31,4.31,2.66,1990
1624,2025,1966,59,4.14,4.94,1960
1625,2025,1981,44,4.77,4.09,1980
1626,2025,1978,47,4.94,4.9,1970
1627,2025,1974,51,4.59,1.55,1970
1628,2025,1965,60,3.71,5.33,1960
1629,2025,1985,40,6.25,5.3,1980
1630,2025,1968,57,4.26,6.21,1960
1631,2025,1972,53,5.21,4.78,1970
1632,2025,1955,70,5.22,4.45,1950
1633,2025,1970,55,5.23,3.53,1970
1634,2025,1970,55,6.15,5.16,1970
1635,2025,1988,37,4.47,2.66,1980
1636,2025,1970,55,5.72,3.89,1970
1637,2025,1958,67,4.66,5.78,1950
1638,2025,1975,50,5.9,3.54,1970
1639,2025,1991,34,3.91,3.92,1990
1640,2025,1995,30,4.53,3.54,1990
1641,2025,1963,62,4.82,5.03,1960
1642,2025,1965,60,6.79,5.66,1960
1643,2025,1998,27,4.68,2.7,1990
1644,2025,1968,57,4.61,4.05,1960
1645,2025,1966,59,4.89,4.52,1960
1646,2025,2001,24,4.6,5.91,2000
1647,2025,1975,50,5.38,6.07,1970
1648,2025,1992,33,5.54,3.6,1990
1649,2025,1962,63,5.14,4.75,1960
1650,2025,1987,38,4.73,3.89,1980
1651,2025,1965,60,5.42,2.96,1960
1652,2025,1967,58,4.17,3.21,1960
1653,2025,1966,59,3.61,5.66,1960
1654,2025,1990,35,6.19,4.88,1990
1655,2025,1993,32,4.76,3.58,1990
1656,2025,1961,64,5.65,6.02,1960
1657,2025,1973,52,4.94,5.92,1970
1658,2025,2002,23,5.16,4.3,2000
1659,2025,1970,55,4.85,4.15,1970
1660,2025,1969,56,4.02,3.12,1960
1661,2025,1972,53,4.48,7.0,1970
1662,2025,1992,33,4.81,5.86,1990
1663,2025,1976,49,5.12,3.77,1970
1664,2025,1955,70,5.78,4.93,1950
1665,2025,1958,67,5.18,5.92,1950
1666,2025,1957,68,4.89,6.12,1950
1667,2025,1971,54,5.3,6.08,1970
1668,2025,1989,36,5.32,5.39,1980
1669,2025,1957,68,4.06,5.14,1950
1670,2025,1985,40,4.57,2.43,1980
1671,2025,1968,57,4.34,4.75,1960
1672,2025,1957,68,5.34,4.66,1950
1673,2025,1974,51,4.36,4.5,1970
1674,2025,1973,52,5.34,6.13,1970
1675,2025,1984,41,4.07,4.27,1980
1676,2025,1986,39,5.4,3.31,1980
1677,2025,1977,48,5.43,4.29,1970
1678,2025,1979,46,4.42,4.31,1970
1679,2025,2003,22,5.29,4.82,2000
1680,2025,1996,29,6.41,6.45,1990
1681,2025,2004,21,4.78,2.24,2000
1682,2025,1978,47,4.71,5.0,1970
1683,2025,1997,28,5.23,4.27,1990
1684,2025,1988,37,4.13,3.88,1980
1685,2025,2000,25,6.4,4.1,2000
1686,2025,1973,52,4.45,5.13,1970
1687,2025,1989,36,4.76,4.21,1980
1688,2025,1984,41,5.15,5.01,1980
1689,2025,1970,55,4.82,4.99,1970
1690,2025,1964,61,6.17,4.33,1960
1691,2025,1969,56,6.04,5.47,1960
1692,2025,1997,28,4.78,3.63,1990
1693,2025,1964,61,5.91,5.85,1960
1694,2025,2000,25,3.57,4.42,2000
1695,2025,1991,34,5.81,2.99,1990
1696,2025,1967,58,5.46,4.76,1960
1697,2025,1990,35,4.27,6.23,1990
1698,2025,1992,33,5.64,3.98,1990
1699,2025,1987,38,4.7,4.91,1980
1700,2025,2001,24,4.25,3.46,2000
1701,2025,1996,29,4.87,4.88,1990
1702,2025,2002,23,4.95,4.13,2000
1703,2025,1985,40,5.17,3.86,1980
1704,2025,1968,57,3.44,3.34,1960
1705,2025,2002,23,4.89,5.4,2000
1706,2025,1958,67,4.62,5.34,1950
1707,2025,2005,20,5.1,4.39,2000
1708,2025,1955,70,4.96,5.13,1950
1709,2025,1958,67,3.43,3.01,1950
1710,2025,1978,47,4.63,4.42,1970
1711,2025,1968,57,4.36,4.05,1960
1712,2025,1989,36,5.2,4.82,1980
1713,2025,1960,65,5.47,6.65,1960
1714,2025,2001,24,5.89,4.51,2000
1715,2025,2005,20,3.64,5.34,2000
1716,2025,1991,34,4.72,4.49,1990
1717,2025,1970,55,4.24,4.45,1970
1718,2025,1996,29,7.0,5.46,1990
1719,2025,1956,69,6.84,6.35,1950
1720,2025,2002,23,4.87,3.33,2000
1721,2025,1993,32,5.39,4.16,1990
1722,2025,1990,35,4.34,5.04,1990
1723,2025,1967,58,5.18,6.01,1960
1724,2025,1997,28,5.26,4.26,1990
1725,2025,1967,58,4.33,3.75,1960
1726,2025,1970,55,4.81,6.23,1970
1727,2025,1960,65,4.74,4.81,1960
1728,2025,1990,35,6.93,5.02,1990
1729,2025,1984,41,5.78,6.4,1980
1730,2025,2000,25,4.76,3.75,2000
1731,2025,1982,43,5.21,4.66,1980
1732,2025,2004,21,6.25,3.66,2000
1733,2025,1983,42,4.49,3.67,1980
1734,2025,1957,68,4.57,5.06,1950
1735,2025,1967,58,4.75,5.1,1960
1736,2025,1984,41,4.46,2.77,1980
1737,2025,1956,69,4.8,3.08,1950
1738,2025,1995,30,5.58,2.68,1990
1739,2025,1965,60,5.85,6.14,1960
1740,2025,1971,54,4.62,5.93,1970
1741,2025,1998,27,5.25,4.29,1990
1742,2025,1999,26,4.01,4.56,1990
1743,2025,1992,33,4.78,3.39,1990
1744,2025,1991,34,3.75,4.73,1990
1745,2025,2000,25,5.08,4.72,2000
1746,2025,2004,21,4.7,4.9,2000
1747,2025,1958,67,3.76,2.91,1950
1748,2025,1972,53,4.35,6.58,1970
1749,2025,1963,62,5.2,7.0,1960
1750,2025,2005,20,6.33,4.39,2000
1751,2025,1977,48,4.94,2.37,1970
1752,2025,1985,40,5.24,4.82,1980
1753,2025,1985,40,6.51,6.59,1980
1754,2025,1981,44,4.77,4.41,1980
1755,2025,1962,63,5.13,5.19,1960
1756,2025,1961,64,5.3,5.37,1960
1757,2025,1961,64,4.36,3.6,1960
1758,2025,1962,63,3.83,4.6,1960
1759,2025,1978,47,4.1,5.13,1970
1760,2025,1990,35,5.44,5.1,1990
1761,2025,2001,24,5.72,4.91,2000
1762,2025,2005,20,4.07,4.59,2000
1763,2025,1976,49,5.42,6.31,1970
1764,2025,1993,32,5.77,4.63,1990
1765,2025,1960,65,5.17,4.39,1960
1766,2025,1980,45,3.57,4.82,1980
1767,2025,1961,64,5.33,5.29,1960
1768,2025,1975,50,5.17,4.13,1970
1769,2025,1967,58,4.62,5.7,1960
1770,2025,1975,50,5.2,5.12,1970
1771,2025,1965,60,4.67,4.78,1960
1772,2025,1958,67,3.82,3.75,1950
1773,2025,1995,30,4.99,5.97,1990
1774,2025,2001,24,6.57,5.06,2000
1775,2025,1993,32,6.36,4.74,1990
1776,2025,1958,67,5.35,3.99,1950
1777,2025,1982,43,4.34,2.95,1980
1778,2025,1978,47,4.99,3.15,1970
1779,2025,1983,42,4.61,5.1,1980
1780,2025,1956,69,5.91,4.85,1950
1781,2025,1989,36,5.09,4.37,1980
1782,2025,1989,36,5.19,3.21,1980
1783,2025,1968,57,4.15,4.87,1960
1784,2025,1982,43,6.1,4.2,1980
1785,2025,1982,43,4.35,3.37,1980
1786,2025,1989,36,5.58,2.86,1980
1787,2025,1980,45,5.49,3.52,1980
1788,2025,1971,54,4.76,5.76,1970
1789,2025,1955,70,4.97,5.95,1950
1790,2025,1969,56,3.92,4.23,1960
1791,2025,1964,61,3.47,4.06,1960
1792,2025,1983,42,5.42,4.69,1980
1793,2025,1974,51,5.18,5.17,1970
1794,2025,1980,45,3.61,4.02,1980
1795,2025,1983,42,5.54,6.22,1980
1796,2025,1988,37,5.28,5.89,1980
1797,2025,1959,66,4.14,4.38,1950
1798,2025,2004,21,4.75,4.47,2000
1799,2025,2002,23,6.32,5.93,2000
1800,2025,1982,43,4.35,5.44,1980
